alcaldia,colonia,cve_col,Sum_TotHog,consumo_total
ALVARO OBREGON,19 DE MAYO,10-241,337.0,15121.25
ALVARO OBREGON,1RA VICTORIA,10-242,592.0,12978.45
ALVARO OBREGON,1RA VICTORIA SECCION BOSQUES,10-243,631.0,21580.68
ALVARO OBREGON,2DA  JALALPA TEPITO (AMPL),10-246,1281.0,26733.19
ALVARO OBREGON,2DA EL PIRUL (AMPL),10-245,239.0,7717.43
ALVARO OBREGON,ABRAHAM GONZALEZ,10-001,75.0,495.63
ALVARO OBREGON,ACUEDUCTO,10-002,889.0,10493.16
ALVARO OBREGON,AGUILAS 3ER PARQUE,10-005,893.0,12309.07
ALVARO OBREGON,AGUILAS PILARES,10-006,672.0,67168.51000000001
ALVARO OBREGON,ALCANTARILLA,10-007,475.0,953.62
ALVARO OBREGON,ALFALFAR,10-008,519.0,26216.29
ALVARO OBREGON,ALFONSO XIII,10-009,3340.0,187635.08
ALVARO OBREGON,ALPES,10-010,1590.0,178906.21
ALVARO OBREGON,ALPES (AMPL),10-011,920.0,16569.010000000002
ALVARO OBREGON,ARBOLEDAS POLITOCO,10-015,145.0,1511.61
ALVARO OBREGON,ARCOS DE CENTENARIO,10-016,54.0,1874.63
ALVARO OBREGON,ARTURO MARTINEZ,10-018,441.0,12878.75
ALVARO OBREGON,ARVIDE,10-019,155.0,16666.01
ALVARO OBREGON,ATLAMAYA,10-021,463.0,72109.43
ALVARO OBREGON,AVE REAL,10-022,279.0,3338.38
ALVARO OBREGON,AXOTLA,10-024,846.0,115731.67
ALVARO OBREGON,BALCONES DE CEHUAYO,10-025,376.0,1317.66
ALVARO OBREGON,BARRIO NORTE,10-026,3558.0,48061.04
ALVARO OBREGON,BEJERO,10-028,513.0,10685.89
ALVARO OBREGON,BELEN DE LAS FLORES,10-029,633.0,17473.11
ALVARO OBREGON,BELEN DE LAS FLORES (U HAB),10-231,1229.0,122976.07
ALVARO OBREGON,BELEN DE LAS FLORES SECCION RELLENO,10-030,193.0,14057.27
ALVARO OBREGON,BELEN DE LAS FLORES_,10-249,157.0,26.68
ALVARO OBREGON,BELLA VISTA,10-031,2932.0,237477.42
ALVARO OBREGON,BONANZA,10-032,497.0,12850.54
ALVARO OBREGON,BOSQUES DE TARANGO,10-033,1706.0,20556.84
ALVARO OBREGON,CALZADA JALALPA,10-034,1327.0,174.57
ALVARO OBREGON,CANUTILLO 3RA SECCION,10-038,1106.0,64027.62
ALVARO OBREGON,CAROLA,10-040,129.0,15321.11
ALVARO OBREGON,CHIMALISTAC,10-042,340.0,64673.21
ALVARO OBREGON,COLINAS DE TARANGO,10-043,194.0,3486.69
ALVARO OBREGON,COLINAS DEL SUR,10-044,3789.0,49078.85
ALVARO OBREGON,CORPUS CHRISTY,10-047,2402.0,45184.14
ALVARO OBREGON,CORPUS CURISTY AMPL XOCOMECATLA,10-048,895.0,26692.19
ALVARO OBREGON,COVE,10-049,1249.0,87751.25
ALVARO OBREGON,CRISTO REY,10-050,242.0,24714.05
ALVARO OBREGON,DESARROLLO URBANO,10-052,1383.0,2416.39
ALVARO OBREGON,EL BOSQUE,10-056,149.0,3331.74
ALVARO OBREGON,EL BOSQUE 2DA SECCION (AMPL),10-057,72.0,3325.86
ALVARO OBREGON,EL CAPULIN,10-059,338.0,6165.209999999999
ALVARO OBREGON,EL CAPULIN (AMPL),10-060,170.0,1520.35
ALVARO OBREGON,EL CUERNITO,10-187,584.0,6333.1
ALVARO OBREGON,EL PARAISO,10-063,1350.0,48253.79
ALVARO OBREGON,EL PIRU (FRACC),10-064,428.0,0.0
ALVARO OBREGON,EL PIRUL,10-065,577.0,18859.34
ALVARO OBREGON,EL POCITO,10-066,265.0,3617.95
ALVARO OBREGON,EL RODEO,10-067,74.0,761.56
ALVARO OBREGON,EMANCIPACION DEL PUEBLO,10-069,235.0,14300.67
ALVARO OBREGON,ESTADO DE HIDALGO,10-071,404.0,90479.46
ALVARO OBREGON,ESTADO DE HIDALGO_,10-247,612.0,10298.48
ALVARO OBREGON,FLOR DE MARIA,10-072,329.0,32153.120000000003
ALVARO OBREGON,FLORIDA,10-073,1959.0,272306.68
ALVARO OBREGON,FRANCISCO VILLA,10-074,699.0,13530.5
ALVARO OBREGON,GARCIMARRERO,10-076,700.0,3238.06
ALVARO OBREGON,GARCIMARRERO NORTE,10-077,1188.0,68316.12
ALVARO OBREGON,GARCIMARRERO REACOMODO,10-078,225.0,6649.959999999999
ALVARO OBREGON,GOLONDRINAS,10-079,980.0,4874.8
ALVARO OBREGON,GOLONDRINAS 1RA SECCION,10-080,618.0,2899.04
ALVARO OBREGON,GRAL A ROSALES,10-082,69.0,1655.0
ALVARO OBREGON,GRAL C  A  MADRAZO,10-083,240.0,1295.69
ALVARO OBREGON,GUADALUPE INN,10-084,1687.0,339488.41000000003
ALVARO OBREGON,HACIENDA DE GUADALUPE CHIMALISTAC,10-004,448.0,76827.74
ALVARO OBREGON,HERON PROAL,10-085,807.0,10968.87
ALVARO OBREGON,HOGAR Y REDENCION,10-086,829.0,17175.309999999998
ALVARO OBREGON,JALALPA,10-088,1511.0,1549.65
ALVARO OBREGON,JALALPA (AMPL),10-014,445.0,4886.71
ALVARO OBREGON,JALALPA EL GRANDE,10-089,2783.0,32700.29
ALVARO OBREGON,JALALPA TEPITO,10-090,998.0,35468.259999999995
ALVARO OBREGON,JARDINES DEL PEDREGAL,10-091,4191.0,652454.59
ALVARO OBREGON,JOSE MARIA PINO SUAREZ,10-092,1780.0,67058.48
ALVARO OBREGON,JURISTAS,10-093,206.0,6133.700000000001
ALVARO OBREGON,LA ANGOSTURA,10-094,394.0,5383.24
ALVARO OBREGON,LA CAADA,10-096,968.0,547.98
ALVARO OBREGON,LA CASCADA,10-097,578.0,21651.24
ALVARO OBREGON,LA CEBADA (AMPL),10-098,326.0,2954.1400000000003
ALVARO OBREGON,LA CONCHITA,10-100,921.0,13297.71
ALVARO OBREGON,LA HERRADURA,10-101,157.0,3841.07
ALVARO OBREGON,LA JOYA,10-103,584.0,3981.68
ALVARO OBREGON,LA LOMA,10-104,1611.0,89836.47
ALVARO OBREGON,LA MARTINICA,10-105,716.0,7532.87
ALVARO OBREGON,LA MEXICANA,10-106,1865.0,15481.18
ALVARO OBREGON,LA MEXICANA (AMPL),10-013,467.0,14205.71
ALVARO OBREGON,LA OTRA BANDA,10-108,284.0,48904.06
ALVARO OBREGON,LA PALMITA,10-109,386.0,5616.2
ALVARO OBREGON,LA PERA XOCHINAHUAC (U HAB),10-110,291.0,3803.2
ALVARO OBREGON,LA PRESA,10-111,278.0,5527.53
ALVARO OBREGON,LAS AGUILAS,10-114,2252.0,188483.26
ALVARO OBREGON,LAS AGUILAS (AMPL),10-115,2633.0,125916.89
ALVARO OBREGON,LAS CUEVITAS,10-118,1116.0,24873.410000000003
ALVARO OBREGON,LAS PALMAS,10-119,494.0,14622.25
ALVARO OBREGON,LIBERALES DE 1857,10-121,1359.0,19825.16
ALVARO OBREGON,LLANO REDONDO,10-122,296.0,2209.35
ALVARO OBREGON,LOMAS DE AXOMIATLA,10-123,510.0,27121.79
ALVARO OBREGON,LOMAS DE BECERRA,10-124,2311.0,1032.85
ALVARO OBREGON,LOMAS DE BECERRA (U HAB),10-125,672.0,57939.77
ALVARO OBREGON,LOMAS DE BECERRA ARVIDE (U HAB),10-126,870.0,48117.08
ALVARO OBREGON,LOMAS DE CAPULA,10-127,1351.0,6407.139999999999
ALVARO OBREGON,LOMAS DE CHAMONTOYA,10-130,1747.0,2130.11
ALVARO OBREGON,LOMAS DE GUADALUPE,10-131,390.0,46148.96
ALVARO OBREGON,LOMAS DE LA ERA,10-132,3774.0,2212.12
ALVARO OBREGON,LOMAS DE LAS AGUILAS,10-133,914.0,10324.49
ALVARO OBREGON,LOMAS DE LOS ANGELES TETELPAN,10-134,1181.0,24721.67
ALVARO OBREGON,LOMAS DE LOS CEDROS,10-135,1345.0,0.0
ALVARO OBREGON,LOMAS DE NUEVO MEXICO,10-136,418.0,4767.610000000001
ALVARO OBREGON,LOMAS DE PLATEROS (U HAB) I,10-250,3313.0,221696.99
ALVARO OBREGON,LOMAS DE PLATEROS (U HAB) II,10-251,2484.0,190155.58
ALVARO OBREGON,LOMAS DE PUERTA GRANDE,10-138,952.0,9481.34
ALVARO OBREGON,LOMAS DE SAN ANGEL INN,10-139,908.0,89365.04
ALVARO OBREGON,LOMAS DE SANTA FE,10-140,85.0,7132.57
ALVARO OBREGON,LOMAS DE SANTO DOMINGO,10-141,187.0,2720.77
ALVARO OBREGON,LOMAS DE SANTO DOMINGO (AMPL),10-142,284.0,7626.95
ALVARO OBREGON,LOMAS DE TARANGO,10-143,944.0,32876.84
ALVARO OBREGON,LOMAS DE TETELPAN,10-144,1552.0,22970.29
ALVARO OBREGON,LORETO,10-145,286.0,948.56
ALVARO OBREGON,MARGARITA M DE JUAREZ,10-148,240.0,9766.28
ALVARO OBREGON,MARIA G DE GARCIA RUIZ,10-149,739.0,27207.0
ALVARO OBREGON,MARTIRES DE TACUBAYA,10-150,195.0,12029.21
ALVARO OBREGON,MERCED GOMEZ,10-151,2239.0,213902.98
ALVARO OBREGON,METROPOLITANO (U HAB),10-152,611.0,25576.5
ALVARO OBREGON,MIGUEL GAONA ARMENTA,10-153,534.0,0.0
ALVARO OBREGON,MIGUEL HIDALGO,10-154,614.0,17767.309999999998
ALVARO OBREGON,MINAS DE CRISTO,10-156,861.0,36926.57
ALVARO OBREGON,MOLINO DE ROSAS,10-157,2186.0,102691.22
ALVARO OBREGON,MOLINO DE ROSAS (AMPL),10-158,320.0,9488.58
ALVARO OBREGON,MOLINO DE SANTO DOMINGO,10-159,1420.0,53078.02
ALVARO OBREGON,MOLINO DE SANTO DOMINGO (U HAB),10-160,426.0,3111.83
ALVARO OBREGON,OCHO DE AGOSTO,10-161,619.0,23810.14
ALVARO OBREGON,OCOTILLOS,10-162,164.0,5964.1
ALVARO OBREGON,OLIVAR DE LOS PADRES,10-163,4952.0,387025.56
ALVARO OBREGON,OLIVAR DEL CONDE 1RA SECCION I,10-252,1999.0,49881.98
ALVARO OBREGON,OLIVAR DEL CONDE 1RA SECCION II,10-253,2100.0,43738.84
ALVARO OBREGON,OLIVAR DEL CONDE 2DA SECCION I,10-254,2287.0,75266.57
ALVARO OBREGON,OLIVAR DEL CONDE 2DA SECCION II,10-255,2197.0,57632.509999999995
ALVARO OBREGON,PALMAS,10-166,889.0,12488.55
ALVARO OBREGON,PASEO DE LAS LOMAS-SAN GABRIEL,10-170,1248.0,78898.6
ALVARO OBREGON,PILOTO (ADOLFO LOPEZ MATEOS),10-171,1464.0,39819.89
ALVARO OBREGON,PILOTO (ADOLFO LOPEZ MATEOS) (AMPL),10-172,2510.0,30074.1
ALVARO OBREGON,POLVORA,10-174,473.0,21721.54
ALVARO OBREGON,PRADOS LA PROVIDENCIA,10-176,531.0,3732.55
ALVARO OBREGON,PRESIDENTES,10-177,1522.0,40736.65
ALVARO OBREGON,PRESIDENTES 1RA (AMPL),10-178,789.0,11513.28
ALVARO OBREGON,PRESIDENTES 2DA (AMPL),10-179,1412.0,4162.12
ALVARO OBREGON,PRIVADA CENTENARIO,10-180,348.0,3180.79
ALVARO OBREGON,PROF JOSE ARTURO LOPEZ,10-181,643.0,1876.85
ALVARO OBREGON,PROGRESO TIZAPAN,10-182,2846.0,229021.15
ALVARO OBREGON,PUEBLO NUEVO,10-183,87.0,8138.58
ALVARO OBREGON,PUENTE COLORADO,10-184,787.0,20252.89
ALVARO OBREGON,PUENTE COLORADO (AMPL),10-185,829.0,15445.169999999998
ALVARO OBREGON,PUNTA DE CEHUAYO,10-186,621.0,1079.64
ALVARO OBREGON,REACOMODO EL CUERNITO,10-187,584.0,45037.82
ALVARO OBREGON,REACOMODO PINO SUAREZ,10-188,163.0,2146.25
ALVARO OBREGON,REAL DEL MONTE,10-189,320.0,10922.96
ALVARO OBREGON,SAN ANGEL INN,10-193,548.0,102571.66
ALVARO OBREGON,SAN BARTOLO AMEYALCO (PBLO),10-194,6579.0,2931.6
ALVARO OBREGON,SAN CLEMENTE,10-195,2815.0,58252.11
ALVARO OBREGON,SANTA FE,10-198,2168.0,85033.69
ALVARO OBREGON,SANTA FE (U HAB),10-199,2004.0,27444.6
ALVARO OBREGON,SANTA FE KM 8.5,10-256,102.0,2481.42
ALVARO OBREGON,SANTA LUCIA,10-200,1907.0,27979.95
ALVARO OBREGON,SANTA MARIA NONOALCO,10-203,1481.0,109158.91
ALVARO OBREGON,SANTA ROSA XOCHIAC (PBLO),10-204,4476.0,42.65
ALVARO OBREGON,TARANGO (U HAB),10-206,641.0,65781.39
ALVARO OBREGON,TECOLALCO,10-208,302.0,345.39
ALVARO OBREGON,TEPEACA,10-210,357.0,552.96
ALVARO OBREGON,TEPEACA (AMPL),10-211,326.0,1470.12
ALVARO OBREGON,TEPOPOTLA,10-212,133.0,3842.96
ALVARO OBREGON,TETELPAN,10-213,2229.0,39468.82
ALVARO OBREGON,TETELPAN (PBLO),10-214,1297.0,51395.31
ALVARO OBREGON,TIZAMPAMPANO,10-216,103.0,19323.81
ALVARO OBREGON,TIZAPAN_TIZAPAN SAN ANGEL,10-217,3230.0,374439.24
ALVARO OBREGON,TLACOPAC,10-218,798.0,144822.07
ALVARO OBREGON,TLACUITLAPA,10-222,647.0,3976.43
ALVARO OBREGON,TLACUITLAPA 2DO REACOMODO (AMPL),10-223,998.0,8591.5
ALVARO OBREGON,TLAPECHICO,10-224,784.0,8307.64
ALVARO OBREGON,TOLTECA,10-226,417.0,32977.399999999994
ALVARO OBREGON,TORRES DE MIXCOAC (U HAB),10-227,650.0,47522.31
ALVARO OBREGON,TORRES DE POTRERO,10-228,3490.0,10369.919999999998
ALVARO OBREGON,TORRES SAN ANTONIO (U HAB),10-229,3304.0,239414.61
ALVARO OBREGON,TORRES SAN PEDRO (U HAB),10-230,1270.0,131560.76
ALVARO OBREGON,UNION POPULAR EMILIANO ZAPATA (U HAB),10-234,757.0,66175.48999999999
ALVARO OBREGON,VALENTIN GOMEZ FARIAS,10-235,373.0,2386.67
ALVARO OBREGON,VILLA PROGRESISTA,10-236,608.0,24419.13
ALVARO OBREGON,VILLA VERDUN,10-238,1134.0,30694.019999999997
ALVARO OBREGON,ZENON DELGADO,10-239,529.0,8969.630000000001
ALVARO OBREGON,ZOTOLTITLA,10-240,180.0,666.11
AZCAPOTZALCO,AGUILERA,02-001,608.0,40529.42
AZCAPOTZALCO,ALDANA,02-002,1114.0,49779.63
AZCAPOTZALCO,AMPLIACION PETROLERA,02-059,964.0,43939.93
AZCAPOTZALCO,ANGEL ZIMBRON,02-005,823.0,77123.42
AZCAPOTZALCO,ARENAL,02-006,1351.0,91392.36
AZCAPOTZALCO,CENTRO DE AZCAPOTZALCO,02-007,1143.0,130119.51
AZCAPOTZALCO,CLAVERIA,02-008,3264.0,271031.47
AZCAPOTZALCO,COLTONGO,02-009,991.0,67149.95
AZCAPOTZALCO,COSMOPOLITA,02-010,747.0,26153.19
AZCAPOTZALCO,COSMOPOLITA (AMPL),02-011,303.0,5240.37
AZCAPOTZALCO,CUITLHUAC 1 Y 2 (U HAB),02-013,779.0,60430.48
AZCAPOTZALCO,CUITLHUAC 3 Y 4 (U HAB),02-014,1529.0,120571.61
AZCAPOTZALCO,DEL GAS,02-015,2540.0,108077.09
AZCAPOTZALCO,DEL GAS (AMPL),02-016,2330.0,105221.63
AZCAPOTZALCO,DEL MAESTRO,02-017,213.0,16019.31
AZCAPOTZALCO,DEL RECREO,02-018,3210.0,176774.83000000002
AZCAPOTZALCO,DEMET (U HAB),02-019,1463.0,70363.56
AZCAPOTZALCO,EL JAGUEY-ESTACION PANTACO,02-021,561.0,93115.06
AZCAPOTZALCO,EL ROSARIO A (U HAB),02-023,1677.0,276622.59
AZCAPOTZALCO,EL ROSARIO B (U HAB),02-024,3109.0,242700.71
AZCAPOTZALCO,EL ROSARIO C (U HAB),02-025,2656.0,6155.94
AZCAPOTZALCO,EUZKADI,02-026,1194.0,58180.68
AZCAPOTZALCO,EX-HACIENDA EL ROSARIO,02-027,635.0,38531.16
AZCAPOTZALCO,FERRERIA,02-028,1054.0,25282.01
AZCAPOTZALCO,FRANCISCO VILLA (U HAB),02-030,1102.0,52215.53
AZCAPOTZALCO,FUENTES DE AZCAPOTZALCO-PARQUES DE AZCAPOTZALCO (U HAB),02-031,574.0,40756.52
AZCAPOTZALCO,HOGAR Y SEGURIDAD/NUEVA SANTA MARIA,02-032,1108.0,71465.25
AZCAPOTZALCO,HOGARES FERROCARRILEROS (U HAB),02-033,452.0,31176.160000000003
AZCAPOTZALCO,HUAUTLA DE LAS SALINAS (BARR),02-034,49.0,5712.18
AZCAPOTZALCO,IGNACIO ALLENDE,02-035,453.0,26699.22
AZCAPOTZALCO,JARDIN AZPEITIA,02-038,737.0,60750.66
AZCAPOTZALCO,LA PRECIOSA,02-040,1072.0,69568.23999999999
AZCAPOTZALCO,LA RAZA,02-041,716.0,202932.04
AZCAPOTZALCO,LIBERACION,02-043,786.0,35097.56
AZCAPOTZALCO,LIBERTAD,02-044,478.0,33684.659999999996
AZCAPOTZALCO,LOS REYES (BARR),02-045,1161.0,71157.16
AZCAPOTZALCO,MIGUEL HIDALGO (U HAB),02-047,765.0,12353.93
AZCAPOTZALCO,MONTE ALTO,02-048,291.0,10555.61
AZCAPOTZALCO,NEXTENGO (BARR),02-049,725.0,58635.17
AZCAPOTZALCO,NUEVA ESPAA,02-051,529.0,19555.73
AZCAPOTZALCO,NUEVA SANTA MARIA,02-052,3300.0,252063.2
AZCAPOTZALCO,NUEVO SAN RAFAEL (BARR),02-053,645.0,8972.039999999999
AZCAPOTZALCO,OBRERO POPULAR,02-054,1707.0,157980.01
AZCAPOTZALCO,PANTACO (U HAB),02-055,336.0,17593.69
AZCAPOTZALCO,PASTEROS,02-056,2284.0,105775.27
AZCAPOTZALCO,PATRIMONIO FAMILIAR,02-057,270.0,5866.17
AZCAPOTZALCO,PEMEX PRADOS DEL ROSARIO (U HAB),02-058,1008.0,13077.97
AZCAPOTZALCO,PETROLERA,02-059,964.0,57718.240000000005
AZCAPOTZALCO,PLENITUD,02-060,1179.0,54370.96000000001
AZCAPOTZALCO,PORVENIR,02-061,887.0,55359.04
AZCAPOTZALCO,POTRERO DEL LLANO,02-062,313.0,11328.53
AZCAPOTZALCO,PRADOS DEL ROSARIO,02-063,651.0,28277.6
AZCAPOTZALCO,PRESIDENTE MADERO (U HAB),02-064,1390.0,102133.31
AZCAPOTZALCO,PRO HOGAR I,02-113,1678.0,132829.39
AZCAPOTZALCO,PRO HOGAR II,02-114,2206.0,127208.48
AZCAPOTZALCO,PROVIDENCIA,02-066,2311.0,102508.4
AZCAPOTZALCO,REYNOSA TAMAULIPAS,02-067,2131.0,81619.62
AZCAPOTZALCO,SAN  MIGUEL AMANTLA (PBLO),02-069,2139.0,87669.22
AZCAPOTZALCO,SAN ALVARO,02-070,2546.0,145297.22
AZCAPOTZALCO,SAN ANDRES (BARR),02-071,1932.0,103212.66
AZCAPOTZALCO,SAN ANDRES (PBLO),02-072,1742.0,77014.2
AZCAPOTZALCO,SAN ANDRES DE LAS SALINAS (PBLO),02-073,71.0,6598.42
AZCAPOTZALCO,SAN ANTONIO (FRACC),02-074,1183.0,50936.74
AZCAPOTZALCO,SAN BARTOLO CAHUALTONGO (PBLO),02-075,919.0,55755.5
AZCAPOTZALCO,SAN BERNABE (BARR),02-076,198.0,24954.15
AZCAPOTZALCO,SAN FRANCISCO TETECALA (PBLO),02-077,1202.0,70041.79000000001
AZCAPOTZALCO,SAN FRANCISCO XOCOTITLA,02-078,572.0,28174.03
AZCAPOTZALCO,SAN JUAN TLIHUACA (PBLO),02-079,3442.0,159408.12
AZCAPOTZALCO,SAN MARCOS (BARR),02-080,1129.0,58891.350000000006
AZCAPOTZALCO,SAN MARTIN XOCHINAHUAC (PBLO),02-081,2932.0,191024.76
AZCAPOTZALCO,SAN MATEO,02-082,1054.0,47752.99
AZCAPOTZALCO,SAN PABLO 396-CONJ HAB SAN PABLO (U HAB),02-083,979.0,95823.37
AZCAPOTZALCO,SAN PABLO XALPA (U HAB),02-084,1309.0,100772.27
AZCAPOTZALCO,SAN PEDRO XALPA (AMPL) I,02-111,3298.0,124528.36
AZCAPOTZALCO,SAN PEDRO XALPA (AMPL) II,02-112,2516.0,98097.67
AZCAPOTZALCO,SAN PEDRO XALPA (PBLO),02-085,3470.0,226496.68
AZCAPOTZALCO,SAN RAFAEL,02-086,726.0,23214.28
AZCAPOTZALCO,SAN SALVADOR XOCHIMANCA,02-087,285.0,39965.15
AZCAPOTZALCO,SAN SEBASTIAN,02-088,1480.0,69568.12
AZCAPOTZALCO,SANTA APOLONIA (BARR),02-089,1311.0,52366.1
AZCAPOTZALCO,SANTA BARBARA (PBLO),02-090,1893.0,143117.02
AZCAPOTZALCO,SANTA CATARINA (PBLO),02-091,1325.0,70879.59
AZCAPOTZALCO,SANTA CRUZ ACAYUCAN (PBLO),02-092,507.0,23045.93
AZCAPOTZALCO,SANTA CRUZ DE LAS SALINAS,02-093,93.0,10547.82
AZCAPOTZALCO,SANTA INES,02-094,1124.0,54858.09
AZCAPOTZALCO,SANTA LUCIA (BARR),02-095,767.0,80448.01000000001
AZCAPOTZALCO,SANTA MARIA MALINALCO (PBLO),02-096,2205.0,104440.03
AZCAPOTZALCO,SANTIAGO AHUIZOTLA (PBLO),02-097,3383.0,150509.5
AZCAPOTZALCO,SANTO DOMINGO (PBLO),02-098,1586.0,132511.63
AZCAPOTZALCO,SANTO TOMAS,02-099,988.0,99053.08
AZCAPOTZALCO,SECTOR NAVAL,02-100,140.0,11019.48
AZCAPOTZALCO,SINDICATO MEXICANO DE ELECTRICISTAS,02-101,1296.0,87584.15
AZCAPOTZALCO,TEZOZOMOC,02-102,2482.0,94614.62
AZCAPOTZALCO,TIERRA NUEVA,02-103,915.0,41493.83
AZCAPOTZALCO,TLATILCO,02-104,1262.0,57706.31
AZCAPOTZALCO,TLATILCO (U HAB),02-105,703.0,40025.41
AZCAPOTZALCO,TRABAJADORES DEL HIERRO,02-106,932.0,53696.5
AZCAPOTZALCO,UN HOGAR PARA CADA TRABAJADOR,02-107,509.0,37615.14
AZCAPOTZALCO,VICTORIA DE LAS DEMOCRACIAS,02-108,1179.0,49112.3
AZCAPOTZALCO,XOCHINAHUAC (U HAB),02-110,2175.0,154820.94
BENITO JUAREZ,ACACIAS,14-001,2708.0,164893.6
BENITO JUAREZ,ACTIPAN,14-002,1835.0,152248.83000000002
BENITO JUAREZ,ALAMOS I,14-051,4617.0,331860.15
BENITO JUAREZ,ALAMOS II,14-052,4194.0,284995.14
BENITO JUAREZ,ALBERT,14-004,1505.0,92268.94
BENITO JUAREZ,AMERICAS UNIDAS-DEL LAGO,14-005,1810.0,97005.72
BENITO JUAREZ,ATENOR SALAS,14-007,811.0,36818.99
BENITO JUAREZ,CENTRO URBANO PRESIDENTE ALEMAN (U HAB),14-008,938.0,50731.649999999994
BENITO JUAREZ,CIUDAD DE LOS DEPORTES,14-009,2320.0,174443.57
BENITO JUAREZ,CREDITO CONSTRUCTOR,14-010,337.0,57090.53
BENITO JUAREZ,DEL VALLE I,14-053,4598.0,441754.9
BENITO JUAREZ,DEL VALLE II,14-054,5019.0,446809.53
BENITO JUAREZ,DEL VALLE III,14-055,4096.0,422891.04
BENITO JUAREZ,DEL VALLE IV,14-056,3723.0,345747.26
BENITO JUAREZ,DEL VALLE V,14-057,3504.0,306917.83
BENITO JUAREZ,DEL VALLE VI,14-058,3310.0,286926.97
BENITO JUAREZ,DEL VALLE VII,14-059,4661.0,344323.95
BENITO JUAREZ,ERMITA,14-013,529.0,28692.71
BENITO JUAREZ,EXTREMADURA INSURGENTES,14-014,807.0,58427.11
BENITO JUAREZ,GENERAL PEDRO MARIA ANAYA,14-015,2567.0,221998.18
BENITO JUAREZ,INDEPENDENCIA,14-016,4234.0,214291.0
BENITO JUAREZ,INSURGENTES MIXCOAC,14-017,2545.0,265093.47
BENITO JUAREZ,INSURGENTES SAN BORJA,14-018,243.0,55495.509999999995
BENITO JUAREZ,IZTACCIHUATL,14-019,977.0,71450.72
BENITO JUAREZ,JOSEFA ORTIZ DE DOMINGUEZ,14-020,579.0,42571.87
BENITO JUAREZ,LETRAN VALLE,14-021,4378.0,303732.27
BENITO JUAREZ,MARIA DEL CARMEN,14-022,1318.0,75581.39
BENITO JUAREZ,MERCED GOMEZ,14-023,1062.0,47372.6
BENITO JUAREZ,MIGUEL ALEMAN,14-024,335.0,31928.69
BENITO JUAREZ,MIRAVALLE,14-025,824.0,53513.0
BENITO JUAREZ,MIXCOAC,14-026,1913.0,186552.03
BENITO JUAREZ,MODERNA,14-027,3695.0,246813.89
BENITO JUAREZ,NAPOLES,14-028,7501.0,703459.91
BENITO JUAREZ,NAPOLES (AMPL),14-006,1911.0,175262.97
BENITO JUAREZ,NARVARTE I,14-060,5147.0,394189.42
BENITO JUAREZ,NARVARTE II,14-061,3614.0,251677.89
BENITO JUAREZ,NARVARTE III,14-062,3363.0,223814.19
BENITO JUAREZ,NARVARTE IV,14-063,4484.0,339565.75
BENITO JUAREZ,NARVARTE V,14-064,3800.0,276993.32
BENITO JUAREZ,NARVARTE VI,14-065,3123.0,209196.11
BENITO JUAREZ,NATIVITAS,14-030,3444.0,250572.22
BENITO JUAREZ,NIOS HEROES DE CHAPULTEPEC,14-031,5002.0,207954.06
BENITO JUAREZ,NOCHE BUENA,14-032,1346.0,116040.31
BENITO JUAREZ,NONOALCO,14-033,4309.0,263023.53
BENITO JUAREZ,OCHO DE AGOSTO,14-034,1367.0,86041.01999999999
BENITO JUAREZ,PERIODISTA FRANCISCO ZARCO,14-035,319.0,11771.21
BENITO JUAREZ,PIEDAD NARVARTE,14-036,2064.0,182560.18
BENITO JUAREZ,PORTALES I,14-066,3871.0,288889.86
BENITO JUAREZ,PORTALES II,14-067,5322.0,326202.47
BENITO JUAREZ,PORTALES III,14-068,4472.0,283482.65
BENITO JUAREZ,PORTALES IV,14-069,2468.0,121131.11
BENITO JUAREZ,PORTALES ORIENTE,14-038,2545.0,154906.97
BENITO JUAREZ,POSTAL,14-039,1383.0,90042.76000000001
BENITO JUAREZ,RESIDENCIAL EMPERADORES,14-040,555.0,54432.15
BENITO JUAREZ,SAN JOSE INSURGENTES,14-041,2978.0,337243.45
BENITO JUAREZ,SAN JUAN,14-042,1382.0,123836.42
BENITO JUAREZ,SAN PEDRO DE LOS  PINOS,14-043,5872.0,512008.7
BENITO JUAREZ,SAN SIMON TICUMAC,14-044,4377.0,323814.31
BENITO JUAREZ,STA CRUZ ATOYAC,14-045,4106.0,454631.07
BENITO JUAREZ,TLACOQUEMECATL DEL VALLE,14-046,2987.0,286374.5
BENITO JUAREZ,VERTIZ NARVARTE,14-047,2859.0,202262.76
BENITO JUAREZ,VILLA DE CORTES,14-048,887.0,68246.63
BENITO JUAREZ,XOCO,14-049,2169.0,296176.01
BENITO JUAREZ,ZACAHUITZCO,14-050,1074.0,71006.18
COYOACAN,ADOLFO RUIZ CORTINES I,03-126,2129.0,3431.92
COYOACAN,ADOLFO RUIZ CORTINES II,03-127,2191.0,4588.0
COYOACAN,AJUSCO HUAYAMILPAS,03-003,724.0,3745.62
COYOACAN,AJUSCO I,03-128,3549.0,21206.37
COYOACAN,AJUSCO II,03-129,3389.0,7325.33
COYOACAN,AJUSCO III,03-130,2415.0,9998.56
COYOACAN,ALIANZA POPULAR REVOLUCIONARIA NORTE (U HAB),03-131,1131.0,97903.29
COYOACAN,ALIANZA POPULAR REVOLUCIONARIA ORIENTE (U HAB),03-148,1720.0,23660.79
COYOACAN,ALIANZA POPULAR REVOLUCIONARIA PONIENTE (U HAB),03-132,1709.0,20269.620000000003
COYOACAN,ALTILLO (COND ALTILLO UNIVERSIDAD),03-005,915.0,60012.29000000001
COYOACAN,AMPLIACION CANDELARIA,03-006,1409.0,42017.740000000005
COYOACAN,AMPLIACION SAN FRANCISCO CULHUACAN (EJ),03-102,1092.0,50864.57
COYOACAN,ATLANTIDA,03-007,375.0,29852.51
COYOACAN,AVANTE,03-008,3069.0,119771.09
COYOACAN,BOSQUES DE TETLAMEYA,03-009,290.0,64025.69
COYOACAN,CAFETALES I (RDCIAL),03-010,492.0,37438.0
COYOACAN,CAFETALES II (RDCIAL),03-011,469.0,9507.42
COYOACAN,CAMPESTRE CHURUBUSCO,03-012,4000.0,267869.01
COYOACAN,CAMPESTRE COYOACAN (FRACC),03-013,785.0,38483.31
COYOACAN,CANTIL DEL PEDREGAL,03-016,174.0,17529.5
COYOACAN,CARMEN SERDAN,03-017,2218.0,22205.77
COYOACAN,CENTRO URBANO (U HAB),03-155,152.0,10304.63
COYOACAN,CENTRO URBANO TLALPAN (U HAB),03-018,215.0,40295.32
COYOACAN,CHIMALISTAC,03-019,236.0,28034.19
COYOACAN,CIUDAD JARDIN,03-020,951.0,36877.01
COYOACAN,CIUDAD UNIVERSITARIA,03-021,144.0,19792.7
COYOACAN,COPILCO EL ALTO,03-022,1090.0,17999.09
COYOACAN,COPILCO EL BAJO,03-023,1561.0,113545.49
COYOACAN,COPILCO UNIVERSIDAD,03-024,1148.0,77930.36
COYOACAN,COUNTRY CLUB,03-025,1055.0,103608.28
COYOACAN,CTM IX CULHUACAN 32-33 (U HAB),03-156,1232.0,48382.54
COYOACAN,CTM IX CULHUACAN ZONA 29-30 (U HAB),03-027,1182.0,20092.78
COYOACAN,CTM IXA CULHUACAN (U HAB),03-028,978.0,26530.050000000003
COYOACAN,CTM V CULHUACAN (U HAB),03-029,1986.0,43091.98
COYOACAN,CTM VI CULHUACAN (U HAB),03-030,4653.0,77928.49
COYOACAN,CTM VII CULHUACAN (U HAB),03-031,2424.0,134055.78
COYOACAN,CTM VIIA CULHUACAN (U HAB),03-032,362.0,2006.28
COYOACAN,CTM VIII CULHUACAN (U HAB),03-033,3451.0,70325.9
COYOACAN,CTM X CULHUACAN (U HAB),03-034,1647.0,72755.11
COYOACAN,CUADRANTE DE SAN FRANCISCO,03-035,1089.0,45706.96
COYOACAN,DE LA CANDELARIA (PBLO),03-036,2360.0,103300.13
COYOACAN,DEL CARMEN,03-037,3610.0,462610.47
COYOACAN,DEL NIO JESUS (BARR),03-038,781.0,17392.29
COYOACAN,EDUCACION,03-039,2464.0,80286.09
COYOACAN,EL CARACOL,03-041,986.0,99418.1
COYOACAN,EL CENTINELA,03-042,621.0,19060.52
COYOACAN,EL MIRADOR,03-043,1195.0,83924.39
COYOACAN,EL PARQUE DE COYOACAN (FRACC),03-044,460.0,3412.79
COYOACAN,EL RELOJ,03-045,1069.0,51126.27
COYOACAN,EL ROSEDAL I,03-046,622.0,55551.36
COYOACAN,EL ROSEDAL II,03-149,885.0,65261.71
COYOACAN,EL VERGEL DE COYOACAN ( INFONAVIT EL HUESO) (U HAB),03-047,222.0,19133.78
COYOACAN,EMILIANO ZAPATA,03-048,431.0,19858.1
COYOACAN,EMILIANO ZAPATA (U HAB),03-049,1658.0,20874.3
COYOACAN,ESPARTACO,03-050,1452.0,89655.75
COYOACAN,EX EJIDO SAN FRANCISCO CULHUACAN I,03-040,181.0,13131.15
COYOACAN,EX EJIDO SAN FRANCISCO CULHUACAN II,03-157,358.0,21606.71
COYOACAN,EX EJIDO SAN FRANCISCO CULHUACAN III,03-158,389.0,28575.25
COYOACAN,EX HACIENDA COAPA,03-051,603.0,151016.26
COYOACAN,HACIENDAS DE COYOACAN (FRACC),03-052,563.0,42619.77
COYOACAN,HERMOSILLO,03-053,544.0,63454.27
COYOACAN,IMAN,03-054,451.0,10511.6
COYOACAN,IMAN 580 (U HAB),03-055,934.0,0.0
COYOACAN,INFONAVIT CULHUACAN ZONA 1 (U HAB),03-056,298.0,690.9300000000001
COYOACAN,INFONAVIT CULHUACAN ZONA 2 (U HAB),03-057,520.0,1574.48
COYOACAN,INFONAVIT CULHUACAN ZONA 3 (U HAB),03-058,585.0,14746.82
COYOACAN,INSURGENTES CUICUILCO,03-059,1581.0,172258.19
COYOACAN,INTEGRACION LATINOAMERICANA (U HAB),03-060,1394.0,103257.16
COYOACAN,JARDINES DE COYOACAN (FRACC),03-061,583.0,42105.15
COYOACAN,JOYAS DEL PEDREGAL (FRACC),03-063,498.0,26454.44
COYOACAN,LA CANTERA (U HAB),03-064,566.0,38817.11
COYOACAN,LA CONCEPCION (BARR),03-065,475.0,67591.64
COYOACAN,LA MAGDALENA CULHUACAN (BARR),03-066,3228.0,133576.76
COYOACAN,LAS CAMPANAS,03-069,267.0,34857.62
COYOACAN,LOS CEDROS (FRACC),03-071,314.0,18983.18
COYOACAN,LOS CIPRESES,03-072,604.0,65307.04
COYOACAN,LOS GIRASOLES I,03-073,302.0,28117.59
COYOACAN,LOS GIRASOLES II,03-074,501.0,20225.33
COYOACAN,LOS GIRASOLES III,03-075,1200.0,62185.880000000005
COYOACAN,LOS OLIVOS (FRACC),03-076,349.0,13351.920000000002
COYOACAN,LOS OLIVOS (U HAB),03-077,185.0,17103.09
COYOACAN,LOS REYES (PBLO),03-078,5586.0,216601.73
COYOACAN,LOS SAUCES (FRACC),03-080,372.0,8176.87
COYOACAN,MEDIA LUNA,03-081,171.0,5325.55
COYOACAN,MONTE DE PIEDAD,03-151,715.0,18189.16
COYOACAN,NUEVA DIAZ ORDAZ,03-082,612.0,720.78
COYOACAN,OLIMPICA,03-083,425.0,14972.99
COYOACAN,OXTOPULCO UNIVERSIDAD,03-084,866.0,69240.93
COYOACAN,PARQUE SAN ANDRES,03-085,2084.0,183712.1
COYOACAN,PASEOS DE TAXQUEA I,03-133,2820.0,39678.92
COYOACAN,PASEOS DE TAXQUEA II,03-134,2134.0,56541.69
COYOACAN,PEDREGAL DE SAN ANGEL (AMPL),03-088,468.0,34428.53
COYOACAN,PEDREGAL DE SAN FRANCISCO (FRACC),03-089,408.0,19569.92
COYOACAN,PEDREGAL DE SANTA URSULA I,03-135,2884.0,17633.690000000002
COYOACAN,PEDREGAL DE SANTA URSULA II,03-136,2946.0,1294.03
COYOACAN,PEDREGAL DE SANTA URSULA III,03-137,2574.0,7711.35
COYOACAN,PEDREGAL DE SANTA URSULA IV,03-138,3216.0,3348.2799999999997
COYOACAN,PEDREGAL DE STO DOMINGO I,03-139,2516.0,2508.25
COYOACAN,PEDREGAL DE STO DOMINGO II,03-140,3270.0,6894.08
COYOACAN,PEDREGAL DE STO DOMINGO III,03-141,2549.0,8030.289999999999
COYOACAN,PEDREGAL DE STO DOMINGO IV,03-142,2841.0,261.94
COYOACAN,PEDREGAL DE STO DOMINGO IX,03-147,2175.0,6950.110000000001
COYOACAN,PEDREGAL DE STO DOMINGO V,03-143,2991.0,1263.46
COYOACAN,PEDREGAL DE STO DOMINGO VI,03-144,3630.0,1763.11
COYOACAN,PEDREGAL DE STO DOMINGO VII,03-145,3442.0,7459.0
COYOACAN,PEDREGAL DE STO DOMINGO VIII,03-146,2032.0,536.65
COYOACAN,PEDREGAL DEL MAUREL,03-091,840.0,122178.37
COYOACAN,PETROLERA TAXQUEA,03-092,387.0,26186.1
COYOACAN,PILOTO CULHUACAN (U HAB),03-093,919.0,44895.45
COYOACAN,PRADO CHURUBUSCO,03-094,3504.0,213758.09
COYOACAN,PRADOS DE COYOACAN,03-095,856.0,29802.590000000004
COYOACAN,PRESIDENTES EJIDALES PRIMERA SECCION,03-096,1038.0,26540.31
COYOACAN,PRESIDENTES EJIDALES SEGUNDA SECCION,03-152,1177.0,84989.48
COYOACAN,RANCHO EL ROSARIO,03-097,156.0,9073.97
COYOACAN,ROMERO DE TERREROS,03-098,856.0,95339.3
COYOACAN,ROMERO DE TERREROS (FRACC),03-099,816.0,112851.12
COYOACAN,SAN DIEGO CHURUBUSCO,03-100,517.0,74052.22
COYOACAN,SAN FRANCISCO CULHUACAN (PBLO),03-101,3721.0,157974.32
COYOACAN,SAN LUCAS (BARR),03-103,1478.0,106290.86
COYOACAN,SAN MATEO (BARR),03-104,1154.0,81269.41
COYOACAN,SAN PABLO TEPETLAPA (PBLO),03-105,2349.0,45421.55
COYOACAN,SANTA CATARINA (BARR),03-106,986.0,133345.47999999998
COYOACAN,SANTA CECILIA,03-107,862.0,27099.92
COYOACAN,SANTA URSULA COAPA (PBLO),03-109,3349.0,197550.25
COYOACAN,STUNAM CULHUACAN (U HAB),03-112,1119.0,73023.84
COYOACAN,VIEJO EJIDO SANTA URSULA COAPA,03-113,2529.0,84918.56
COYOACAN,VILLA COYOACAN,03-114,917.0,126456.82
COYOACAN,VILLA PANAMERICANA 1ERA. SECCIN (U HAB),03-115,1103.0,28891.879999999997
COYOACAN,VILLA PANAMERICANA 2DA. SECCIN (U HAB),03-116,568.0,15491.55
COYOACAN,VILLA PANAMERICANA 3ERA. SECCIN (U HAB),03-117,810.0,19560.81
COYOACAN,VILLA PANAMERICANA 5TA. SECCIN (U HAB),03-119,850.0,75782.5
COYOACAN,VILLA PANAMERICANA 7MA. SECCIN (U HAB),03-121,633.0,9240.76
COYOACAN,VILLA QUIETUD (FRACC),03-122,891.0,44914.99
COYOACAN,VISTAS DEL MAUREL (U HAB),03-124,573.0,56018.07000000001
COYOACAN,XOTEPINGO,03-125,537.0,35487.37
CUAJIMALPA DE MORELOS,ABDIAS GARCIA SOTO,04-001,694.0,16087.22
CUAJIMALPA DE MORELOS,ADOLFO LOPEZ MATEOS,04-002,236.0,11492.31
CUAJIMALPA DE MORELOS,AGUA BENDITA,04-003,924.0,9758.5
CUAJIMALPA DE MORELOS,AHUATENCO,04-004,1074.0,30940.01
CUAJIMALPA DE MORELOS,AMADO NERVO,04-005,100.0,3207.6800000000003
CUAJIMALPA DE MORELOS,BOSQUES DE LAS LOMAS,04-006,4021.0,287134.66000000003
CUAJIMALPA DE MORELOS,CORREDOR SANTA FE,04-012,5432.0,544084.4
CUAJIMALPA DE MORELOS,EL CONTADERO,04-015,2316.0,110574.85
CUAJIMALPA DE MORELOS,EL MOLINITO,04-016,89.0,3292.33
CUAJIMALPA DE MORELOS,EL MOLINO,04-017,446.0,36383.92
CUAJIMALPA DE MORELOS,EL TIANGUILLO,04-018,558.0,0.0
CUAJIMALPA DE MORELOS,EL YAQUI,04-019,591.0,32040.85
CUAJIMALPA DE MORELOS,JARDINES DE LA PALMA (HUIZACHITO),04-021,1035.0,63468.23
CUAJIMALPA DE MORELOS,JESUS DEL MONTE,04-022,858.0,35036.56
CUAJIMALPA DE MORELOS,LA PILA,04-023,1222.0,6.959999999999999
CUAJIMALPA DE MORELOS,LOMA DEL PADRE,04-030,1155.0,1.26
CUAJIMALPA DE MORELOS,LOMAS DE MEMETLA,04-031,1564.0,40637.32
CUAJIMALPA DE MORELOS,LOMAS DE VISTA HERMOSA,04-032,2317.0,434802.38
CUAJIMALPA DE MORELOS,LOMAS DEL CHAMIZAL,04-033,1395.0,100129.61
CUAJIMALPA DE MORELOS,MANZANASTITLA,04-034,1347.0,7526.29
CUAJIMALPA DE MORELOS,MEMETLA,04-035,189.0,3909.94
CUAJIMALPA DE MORELOS,NAVIDAD (GRANJAS DE NAVIDAD),04-036,2754.0,85116.61
CUAJIMALPA DE MORELOS,PALO ALTO (GRANJAS),04-038,619.0,126604.08
CUAJIMALPA DE MORELOS,PORTAL DEL SOL,04-055,944.0,246499.41
CUAJIMALPA DE MORELOS,SAN JOSE DE LOS CEDROS I,04-058,1811.0,70054.25
CUAJIMALPA DE MORELOS,SAN JOSE DE LOS CEDROS II,04-059,2114.0,142484.3
CUAJIMALPA DE MORELOS,SAN LORENZO ACOPILCO (PBLO),04-045,2512.0,131.51
CUAJIMALPA DE MORELOS,SAN MATEO TLALTENANGO (PBLO),04-046,5824.0,947.31
CUAJIMALPA DE MORELOS,SAN PABLO CHIMALPA (PBLO),04-047,2285.0,1417.27
CUAJIMALPA DE MORELOS,SAN PEDRO CUAJIMALPA (PBLO),04-056,5902.0,257830.19
CUAJIMALPA DE MORELOS,TEPETONGO,04-050,1080.0,22718.61
CUAJIMALPA DE MORELOS,ZENTLAPATL,04-052,1055.0,1530.86
CUAUHTEMOC,ALGARIN,15-001,2338.0,167220.13
CUAUHTEMOC,ASTURIAS,15-002,1566.0,84549.05
CUAUHTEMOC,ASTURIAS (AMPL),15-003,1941.0,124955.35
CUAUHTEMOC,ATLAMPA,15-004,4074.0,285589.99
CUAUHTEMOC,BUENAVISTA I,15-035,2700.0,197930.5
CUAUHTEMOC,BUENAVISTA II,15-036,3107.0,297501.44
CUAUHTEMOC,CENTRO I,15-037,2159.0,253129.26
CUAUHTEMOC,CENTRO II,15-038,2360.0,205393.59
CUAUHTEMOC,CENTRO III,15-039,1517.0,210062.15
CUAUHTEMOC,CENTRO V,15-041,863.0,130786.76
CUAUHTEMOC,CENTRO VI,15-042,2623.0,357609.18
CUAUHTEMOC,CENTRO VII,15-043,2233.0,256259.11
CUAUHTEMOC,CONDESA,15-008,3946.0,352898.62
CUAUHTEMOC,CUAUHTEMOC,15-009,5730.0,729213.3400000001
CUAUHTEMOC,DOCTORES I,15-045,3467.0,344465.47
CUAUHTEMOC,DOCTORES II,15-046,4995.0,327609.24
CUAUHTEMOC,DOCTORES III,15-047,2914.0,248016.05
CUAUHTEMOC,DOCTORES IV,15-048,3132.0,748690.9
CUAUHTEMOC,DOCTORES V,15-049,3153.0,228693.34
CUAUHTEMOC,ESPERANZA,15-011,1792.0,117168.03
CUAUHTEMOC,EX HIPODROMO DE PERALVILLO,15-012,3489.0,166126.62
CUAUHTEMOC,FELIPE PESCADOR,15-013,902.0,33735.57
CUAUHTEMOC,GUERRERO I,15-050,4183.0,292859.48
CUAUHTEMOC,GUERRERO II,15-051,4330.0,286603.34
CUAUHTEMOC,GUERRERO III,15-052,4144.0,304977.83
CUAUHTEMOC,GUERRERO IV,15-053,2967.0,233948.94
CUAUHTEMOC,HIPODROMO CONDESA,15-016,1513.0,199688.87
CUAUHTEMOC,HIPODROMO I,15-054,2621.0,309352.05
CUAUHTEMOC,HIPODROMO II,15-055,3171.0,330166.7
CUAUHTEMOC,JUAREZ,15-017,4133.0,1023105.02
CUAUHTEMOC,MORELOS I,15-056,3548.0,252688.6
CUAUHTEMOC,MORELOS II,15-057,3763.0,261139.11
CUAUHTEMOC,MORELOS III,15-058,3400.0,287613.67
CUAUHTEMOC,OBRERA I,15-062,3704.0,300725.93
CUAUHTEMOC,OBRERA II,15-063,3137.0,236860.46
CUAUHTEMOC,OBRERA III,15-064,3022.0,212624.38
CUAUHTEMOC,OBRERA IV,15-065,2445.0,207542.11
CUAUHTEMOC,PAULINO NAVARRO,15-022,1484.0,93609.04
CUAUHTEMOC,PERALVILLO I,15-066,3510.0,225211.57
CUAUHTEMOC,PERALVILLO II,15-067,3276.0,234031.12
CUAUHTEMOC,ROMA NORTE I,15-068,2920.0,451449.59
CUAUHTEMOC,ROMA NORTE II,15-069,3045.0,387819.35
CUAUHTEMOC,ROMA NORTE III,15-070,5324.0,527186.73
CUAUHTEMOC,ROMA SUR I,15-071,3353.0,298984.9
CUAUHTEMOC,ROMA SUR II,15-072,4520.0,338809.42
CUAUHTEMOC,SAN RAFAEL I,15-073,2723.0,260718.82
CUAUHTEMOC,SAN RAFAEL II,15-074,6202.0,406440.89
CUAUHTEMOC,SAN SIMON TOLNAHUAC,15-027,4033.0,237375.0
CUAUHTEMOC,SANTA MARIA (U HAB),15-028,912.0,54942.37
CUAUHTEMOC,SANTA MARIA INSURGENTES,15-029,524.0,99385.36
CUAUHTEMOC,SANTA MARIA LA RIBERA I,15-075,5633.0,375814.95
CUAUHTEMOC,SANTA MARIA LA RIBERA II,15-076,4199.0,332306.39
CUAUHTEMOC,SANTA MARIA LA RIBERA IV,15-078,5534.0,429489.26
CUAUHTEMOC,TABACALERA,15-031,1393.0,378210.14
CUAUHTEMOC,TRANSITO,15-032,3662.0,307092.65
CUAUHTEMOC,VALLE GOMEZ,15-033,2454.0,141949.06
CUAUHTEMOC,VISTA ALEGRE,15-034,1008.0,74522.36
GUSTAVO A. MADERO,15 DE AGOSTO,05-206,1079.0,43261.61
GUSTAVO A. MADERO,25 DE JULIO,05-208,958.0,44829.59
GUSTAVO A. MADERO,51 LEGISLATURA,05-210,170.0,723.77
GUSTAVO A. MADERO,6 DE JUNIO,05-211,710.0,44.06
GUSTAVO A. MADERO,7 DE NOVIEMBRE,05-212,1104.0,53668.35
GUSTAVO A. MADERO,ACUEDUCTO DE GUADALUPE (RDCIAL),05-001,1863.0,70547.8
GUSTAVO A. MADERO,ACUEDUCTO DE GUADALUPE (U HAB),05-002,3879.0,201399.23000000004
GUSTAVO A. MADERO,AHUEHUETES,05-003,1086.0,371.68
GUSTAVO A. MADERO,ARAGON INGUARAN,05-005,892.0,65074.44
GUSTAVO A. MADERO,ARAGON LA VILLA (ARAGON),05-006,1315.0,96219.29
GUSTAVO A. MADERO,ARBOLEDAS DE CUAUTEPEC,05-007,2081.0,1097.72
GUSTAVO A. MADERO,ARROYO GUADALUPE (U HAB),05-009,622.0,23937.08
GUSTAVO A. MADERO,BELISARIO DOMINGUEZ,05-010,347.0,21158.86
GUSTAVO A. MADERO,BENITO JUAREZ,05-011,1801.0,14473.6
GUSTAVO A. MADERO,BENITO JUAREZ (AMPL),05-012,751.0,5177.35
GUSTAVO A. MADERO,BONDOJITO,05-013,1685.0,85141.95999999999
GUSTAVO A. MADERO,C T M ARAGON (U),05-014,1830.0,19478.86
GUSTAVO A. MADERO,C T M ARAGON AMPLIACION (U),05-015,102.0,822.9399999999998
GUSTAVO A. MADERO,CAMINO A SAN JUAN DE ARAGON (PBLO),05-016,1242.0,45035.81
GUSTAVO A. MADERO,CAMPESTRE ARAGON I,05-215,3264.0,85637.61
GUSTAVO A. MADERO,CAMPESTRE ARAGON II,05-216,3453.0,169058.7
GUSTAVO A. MADERO,CAPULTITLAN,05-018,1182.0,87980.69
GUSTAVO A. MADERO,CASAS ALEMAN (AMPL) I,05-217,3188.0,146530.6
GUSTAVO A. MADERO,CASAS ALEMAN (AMPL) II,05-218,3146.0,146027.12
GUSTAVO A. MADERO,CASTILLO CHICO,05-020,1183.0,5686.25
GUSTAVO A. MADERO,CASTILLO GRANDE,05-021,1108.0,4639.2
GUSTAVO A. MADERO,CERRO PRIETO,05-023,1164.0,39634.15
GUSTAVO A. MADERO,CHALMA DE GUADALUPE I,05-219,3208.0,353.66
GUSTAVO A. MADERO,CHALMA DE GUADALUPE II,05-220,2885.0,8228.539999999999
GUSTAVO A. MADERO,CHURUBUSCO TEPEYAC,05-025,529.0,18318.23
GUSTAVO A. MADERO,COCOYOTES,05-026,1329.0,577.06
GUSTAVO A. MADERO,COCOYOTES (AMPL),05-027,361.0,1049.7
GUSTAVO A. MADERO,COMPOSITORES MEXICANOS,05-028,3254.0,14702.35
GUSTAVO A. MADERO,CONSTITUCION DE LA REPUBLICA,05-029,3720.0,63237.3
GUSTAVO A. MADERO,CTM ATZACOALCO (U HAB),05-031,2557.0,47082.79
GUSTAVO A. MADERO,CTM EL RISCO (U HAB),05-032,2597.0,26784.1
GUSTAVO A. MADERO,CUAUTEPEC DE MADERO,05-033,2336.0,62694.880000000005
GUSTAVO A. MADERO,CUAUTEPEC EL ALTO (PBLO),05-034,1630.0,4279.1900000000005
GUSTAVO A. MADERO,CUCHILLA DEL TESORO,05-035,3144.0,146551.1
GUSTAVO A. MADERO,CUCHILLA LA JOYA,05-036,718.0,40714.91
GUSTAVO A. MADERO,DEFENSORES DE LA REPUBLICA,05-037,1250.0,60535.899999999994
GUSTAVO A. MADERO,DEL BOSQUE,05-038,1484.0,38186.15
GUSTAVO A. MADERO,DEL OBRERO,05-039,1173.0,30374.18
GUSTAVO A. MADERO,DM NACIONAL,05-040,2924.0,173053.19
GUSTAVO A. MADERO,EDUARDO MOLINA I (U HAB),05-041,420.0,26834.73
GUSTAVO A. MADERO,EJIDOS SAN JUAN DE ARAGON 1A SECCION (U HAB),05-043,814.0,12569.07
GUSTAVO A. MADERO,EJIDOS SAN JUAN DE ARAGON 2A SECCION (U HAB),05-044,238.0,7183.53
GUSTAVO A. MADERO,EL ARBOLILLO,05-045,304.0,2611.69
GUSTAVO A. MADERO,EL ARBOLILLO 1 (U HAB),05-046,2308.0,129496.56
GUSTAVO A. MADERO,EL ARBOLILLO 2 (U HAB),05-047,1467.0,112959.27
GUSTAVO A. MADERO,EL ARBOLILLO 3 (U HAB),05-048,757.0,47089.119999999995
GUSTAVO A. MADERO,EL CARMEN,05-049,2028.0,15028.260000000002
GUSTAVO A. MADERO,EL COYOL (U HAB),05-050,655.0,7982.51
GUSTAVO A. MADERO,EL OLIVO,05-051,514.0,8695.12
GUSTAVO A. MADERO,EMILIANO ZAPATA,05-052,1360.0,62097.71
GUSTAVO A. MADERO,EMILIANO ZAPATA (AMPL),05-053,377.0,18335.96
GUSTAVO A. MADERO,ESTANZUELA,05-054,1012.0,21891.04
GUSTAVO A. MADERO,ESTRELLA,05-055,2828.0,146161.36
GUSTAVO A. MADERO,EX-ESCUELA DE TIRO,05-056,552.0,7051.44
GUSTAVO A. MADERO,FAJA DE ORO,05-058,513.0,38854.05
GUSTAVO A. MADERO,FERNANDO CASAS ALEMAN,05-059,415.0,22185.14
GUSTAVO A. MADERO,FERROCARRILERA INSURGENTES,05-060,61.0,997.59
GUSTAVO A. MADERO,FOVISSSTE CUCHILLA (U HAB),05-061,171.0,33818.770000000004
GUSTAVO A. MADERO,FOVISSTE ARAGON (U HAB),05-057,399.0,7258.33
GUSTAVO A. MADERO,GABRIEL HERNANDEZ,05-063,3468.0,35475.2
GUSTAVO A. MADERO,GABRIEL HERNANDEZ (AMPL) I,05-221,2018.0,18171.120000000003
GUSTAVO A. MADERO,GABRIEL HERNANDEZ (AMPL) II,05-222,2004.0,41100.01
GUSTAVO A. MADERO,GENERAL FELIPE BERRIOZABAL,05-065,1377.0,223.62
GUSTAVO A. MADERO,GERTRUDIS SANCHEZ 1A SECCION,05-066,1109.0,52104.73
GUSTAVO A. MADERO,GERTRUDIS SANCHEZ 2A SECCION,05-067,2235.0,90232.73
GUSTAVO A. MADERO,GERTRUDIS SANCHEZ 3A SECCION,05-068,2204.0,94495.74
GUSTAVO A. MADERO,GRANJAS MODERNAS-SAN JUAN DE ARAGON (AMPL),05-070,766.0,137953.88
GUSTAVO A. MADERO,GUADALUPE INSURGENTES,05-071,1432.0,104423.99
GUSTAVO A. MADERO,GUADALUPE PROLETARIA,05-072,2363.0,92974.51
GUSTAVO A. MADERO,GUADALUPE PROLETARIA (AMPL),05-073,1003.0,13632.4
GUSTAVO A. MADERO,GUADALUPE TEPEYAC,05-074,2688.0,161514.98
GUSTAVO A. MADERO,GUADALUPE VICTORIA,05-075,383.0,16515.36
GUSTAVO A. MADERO,GUADALUPE VICTORIA II,05-076,1181.0,78781.61
GUSTAVO A. MADERO,HEROE DE NACOZARI,05-077,772.0,44050.49
GUSTAVO A. MADERO,HEROES DE CHAPULTEPEC,05-078,395.0,19928.9
GUSTAVO A. MADERO,INDECO (U HAB),05-080,522.0,2204.59
GUSTAVO A. MADERO,INDUSTRIAL I,05-223,2970.0,183819.29
GUSTAVO A. MADERO,INDUSTRIAL II,05-224,2978.0,132576.79
GUSTAVO A. MADERO,JORGE NEGRETE,05-086,2493.0,88958.37
GUSTAVO A. MADERO,JOYAS VALLEJO (U HAB),05-214,3059.0,279328.51
GUSTAVO A. MADERO,JUAN DE DIOS BATIZ (U HAB),05-090,568.0,33940.5
GUSTAVO A. MADERO,JUAN GONZALEZ ROMERO,05-091,2495.0,73007.24
GUSTAVO A. MADERO,JUVENTINO ROSAS,05-092,357.0,174.07999999999998
GUSTAVO A. MADERO,LA CANDELARIA TICOMAN (BARR),05-093,2496.0,697.56
GUSTAVO A. MADERO,LA CASILDA,05-094,2123.0,580.27
GUSTAVO A. MADERO,LA CRUZ (BARR),05-095,790.0,1313.82
GUSTAVO A. MADERO,LA ESMERALDA (U HAB),05-097,562.0,87.01
GUSTAVO A. MADERO,LA ESMERALDA I,05-096,941.0,56147.69
GUSTAVO A. MADERO,LA ESMERALDA II,05-253,427.0,11667.61
GUSTAVO A. MADERO,LA ESMERALDA III,05-254,896.0,37999.93
GUSTAVO A. MADERO,LA FORESTAL,05-098,1714.0,10937.22
GUSTAVO A. MADERO,LA FORESTAL 1,05-099,130.0,84.76
GUSTAVO A. MADERO,LA JOYA,05-102,1970.0,78850.15
GUSTAVO A. MADERO,LA JOYITA,05-103,557.0,17704.42
GUSTAVO A. MADERO,LA LAGUNA TICOMAN (BARR),05-104,2513.0,92832.09
GUSTAVO A. MADERO,LA MALINCHE,05-105,1262.0,85682.02
GUSTAVO A. MADERO,LA PASTORA,05-106,2733.0,6806.23
GUSTAVO A. MADERO,LA PATERA-CONDOMODULOS (U HAB),05-107,1640.0,134354.72999999998
GUSTAVO A. MADERO,LA PRADERA,05-108,2427.0,8027.56
GUSTAVO A. MADERO,LA PRADERA I (U HAB),05-109,1057.0,610.22
GUSTAVO A. MADERO,LA PRADERA II (U HAB),05-110,501.0,275.58
GUSTAVO A. MADERO,LA PURISIMA TICOMAN (BARR),05-111,2064.0,117042.75
GUSTAVO A. MADERO,LINDAVISTA I,05-225,3273.0,364799.22
GUSTAVO A. MADERO,LINDAVISTA II,05-226,3064.0,505098.18
GUSTAVO A. MADERO,LINDAVISTA VALLEJO (U HAB),05-113,3745.0,237684.73
GUSTAVO A. MADERO,LOMAS DE CUAUTEPEC,05-115,3087.0,6902.01
GUSTAVO A. MADERO,MALACATES,05-120,1941.0,62.4
GUSTAVO A. MADERO,MALACATES (AMPL),05-121,1937.0,0.0
GUSTAVO A. MADERO,MARTIN CARRERA I,05-227,2768.0,166957.94
GUSTAVO A. MADERO,MARTIN CARRERA II,05-228,2448.0,114567.16
GUSTAVO A. MADERO,MARTIRES DE RIO BLANCO,05-124,1650.0,109642.31
GUSTAVO A. MADERO,MARTIRES DE RIO BLANCO (AMPL),05-125,291.0,14102.53
GUSTAVO A. MADERO,MAXIMINO AVILA CAMACHO,05-126,579.0,36701.85
GUSTAVO A. MADERO,NARCISO BASSOLS (U HAB),05-127,1292.0,84141.44
GUSTAVO A. MADERO,NUEVA ATZACOALCO II,05-230,2875.0,122506.9
GUSTAVO A. MADERO,NUEVA ATZACOALCO III,05-231,2998.0,109589.51
GUSTAVO A. MADERO,NUEVA INDUSTRIAL VALLEJO (FRACC),05-129,1417.0,151108.51
GUSTAVO A. MADERO,NUEVA TENOCHTITLAN,05-130,2208.0,115218.69
GUSTAVO A. MADERO,NUEVA VALLEJO,05-131,1187.0,130760.54
GUSTAVO A. MADERO,PALMATITLA,05-132,3192.0,4542.53
GUSTAVO A. MADERO,PANAMERICANA,05-133,1630.0,72699.26000000001
GUSTAVO A. MADERO,PANAMERICANA (AMPL),05-134,387.0,19357.02
GUSTAVO A. MADERO,PARQUE METROPOLITANO,05-135,877.0,153.3
GUSTAVO A. MADERO,PLANETARIO LINDAVISTA,05-137,260.0,16463.510000000002
GUSTAVO A. MADERO,PLAZA ORIENTE (RDCIAL),05-138,289.0,14755.31
GUSTAVO A. MADERO,PRADOS DE CUAUTEPEC,05-139,139.0,296.17
GUSTAVO A. MADERO,PROGRESO NACIONAL (AMPL),05-141,1638.0,101496.76
GUSTAVO A. MADERO,PROGRESO NACIONAL I,05-232,1859.0,116901.33
GUSTAVO A. MADERO,PROGRESO NACIONAL II,05-233,1857.0,102856.22
GUSTAVO A. MADERO,PROVIDENCIA (AMPL),05-143,1787.0,3139.65
GUSTAVO A. MADERO,PROVIDENCIA I,05-234,2393.0,4603.99
GUSTAVO A. MADERO,PROVIDENCIA II,05-235,2061.0,3276.39
GUSTAVO A. MADERO,PROVIDENCIA III,05-236,2346.0,6740.35
GUSTAVO A. MADERO,RESIDENCIAL LA ESCALERA (FRACC),05-145,723.0,103616.76
GUSTAVO A. MADERO,RESIDENCIAL ZACATENCO,05-146,1581.0,126827.67
GUSTAVO A. MADERO,REVOLUCION IMSS (U HAB),05-147,152.0,11974.73
GUSTAVO A. MADERO,ROSAS DEL TEPEYAC,05-148,332.0,6500.030000000001
GUSTAVO A. MADERO,SALVADOR DIAZ MIRON,05-149,2228.0,58967.2
GUSTAVO A. MADERO,SAN ANTONIO,05-150,150.0,2452.22
GUSTAVO A. MADERO,SAN BARTOLO ATEPEHUACAN (PBLO),05-151,2418.0,123231.68
GUSTAVO A. MADERO,SAN FELIPE DE JESUS I,05-237,2940.0,41415.44
GUSTAVO A. MADERO,SAN FELIPE DE JESUS II,05-238,3064.0,114318.22
GUSTAVO A. MADERO,SAN FELIPE DE JESUS III,05-239,3244.0,92494.95
GUSTAVO A. MADERO,SAN FELIPE DE JESUS IV,05-240,3444.0,65137.42
GUSTAVO A. MADERO,SAN JOSE DE LA ESCALERA,05-153,1201.0,69230.95
GUSTAVO A. MADERO,SAN JOSE TICOMAN,05-154,937.0,17356.16
GUSTAVO A. MADERO,SAN JUAN DE ARAGON (PBLO),05-156,3015.0,170629.13
GUSTAVO A. MADERO,SAN JUAN DE ARAGON 1A SECCION (U HAB) I,05-241,2233.0,67275.33
GUSTAVO A. MADERO,SAN JUAN DE ARAGON 1A SECCION (U HAB) II,05-242,2303.0,59568.19
GUSTAVO A. MADERO,SAN JUAN DE ARAGON 2A SECCION (U HAB) I,05-243,1964.0,33224.04
GUSTAVO A. MADERO,SAN JUAN DE ARAGON 2A SECCION (U HAB) II,05-244,1576.0,23925.01
GUSTAVO A. MADERO,SAN JUAN DE ARAGON 3A SECCION (U HAB) I,05-159,1450.0,40110.65
GUSTAVO A. MADERO,SAN JUAN DE ARAGON 3A SECCION (U HAB) II,05-255,1373.0,35194.09
GUSTAVO A. MADERO,SAN JUAN DE ARAGON 4A  Y 5A SECCION (U HAB) I,05-245,2072.0,36767.06
GUSTAVO A. MADERO,SAN JUAN DE ARAGON 4A  Y 5A SECCION (U HAB) II,05-246,1823.0,38851.26
GUSTAVO A. MADERO,SAN JUAN DE ARAGON 6A SECCION (U HAB) I,05-161,1526.0,28470.69
GUSTAVO A. MADERO,SAN JUAN DE ARAGON 6A SECCION (U HAB) II,05-256,1307.0,36597.05
GUSTAVO A. MADERO,SAN JUAN DE ARAGON 7 SECC (U HAB) I,05-247,1480.0,1640.61
GUSTAVO A. MADERO,SAN JUAN DE ARAGON 7 SECC (U HAB) II,05-248,1506.0,5190.37
GUSTAVO A. MADERO,SAN JUAN III (U HAB),05-163,1028.0,199806.56
GUSTAVO A. MADERO,SAN JUAN Y GUADALUPE TICOMAN (BARR),05-164,2238.0,1676.76
GUSTAVO A. MADERO,SAN MIGUEL CUAUTEPEC,05-165,279.0,403.84
GUSTAVO A. MADERO,SAN MIGUEL-LA ESCALERA (BARR),05-166,454.0,11197.7
GUSTAVO A. MADERO,SAN PEDRO EL CHICO,05-167,1406.0,78351.86
GUSTAVO A. MADERO,SAN PEDRO ZACATENCO (PBLO),05-168,2566.0,49560.72
GUSTAVO A. MADERO,SAN RAFAEL TICOMAN (BARR),05-169,470.0,17195.24
GUSTAVO A. MADERO,SANTA ISABEL TOLA (PBLO),05-170,4076.0,131139.91
GUSTAVO A. MADERO,SANTA ROSA,05-171,2481.0,135678.66
GUSTAVO A. MADERO,SANTIAGO ATEPETLAC,05-172,1243.0,45585.78
GUSTAVO A. MADERO,SANTIAGO ATZACOALCO (PBLO),05-174,1592.0,62774.65
GUSTAVO A. MADERO,SIETE MARAVILLAS,05-176,589.0,48058.71000000001
GUSTAVO A. MADERO,SOLIDARIDAD NACIONAL,05-177,578.0,19518.36
GUSTAVO A. MADERO,TABLAS DE SAN AGUSTIN,05-179,1468.0,72213.43000000001
GUSTAVO A. MADERO,TEPETATAL,05-180,886.0,6025.1
GUSTAVO A. MADERO,TEPEYAC INSURGENTES,05-181,2640.0,205843.75
GUSTAVO A. MADERO,TLACAMACA,05-183,433.0,39677.9
GUSTAVO A. MADERO,TLALPEXCO,05-184,3438.0,937.49
GUSTAVO A. MADERO,TORRES DE QUIROGA (U HAB),05-185,5785.0,189960.71
GUSTAVO A. MADERO,TORRES LINDAVISTA (FRACC),05-188,1105.0,84898.26
GUSTAVO A. MADERO,TRES ESTRELLAS,05-189,1400.0,70019.89
GUSTAVO A. MADERO,VALLE DE MADERO,05-192,1090.0,18215.4
GUSTAVO A. MADERO,VALLE DEL TEPEYAC,05-193,731.0,39018.8
GUSTAVO A. MADERO,VALLEJO I,05-249,3195.0,190857.24
GUSTAVO A. MADERO,VALLEJO II,05-250,2856.0,177557.1
GUSTAVO A. MADERO,VALLEJO PONIENTE,05-195,717.0,30473.67
GUSTAVO A. MADERO,VASCO DE QUIROGA,05-196,2708.0,83916.51
GUSTAVO A. MADERO,VILLA DE ARAGON,05-213,174.0,6616.129999999999
GUSTAVO A. MADERO,VILLA DE ARAGON (FRACC),05-198,1322.0,60887.43000000001
GUSTAVO A. MADERO,VILLA GUSTAVO A MADERO,05-199,1065.0,86879.67
GUSTAVO A. MADERO,VILLA HERMOSA,05-200,352.0,18332.76
GUSTAVO A. MADERO,VISTA HERMOSA,05-202,575.0,676.27
GUSTAVO A. MADERO,ZONA ESCOLAR I,05-251,1889.0,63307.02
GUSTAVO A. MADERO,ZONA ESCOLAR II,05-252,2066.0,59279.46
GUSTAVO A. MADERO,ZONA ESCOLAR ORIENTE,05-205,824.0,20914.77
IZTACALCO,AGRICOLA ORIENTAL I,06-040,5267.0,351248.24
IZTACALCO,AGRICOLA ORIENTAL II,06-041,3139.0,182258.11
IZTACALCO,AGRICOLA ORIENTAL III,06-042,3485.0,172995.15
IZTACALCO,AGRICOLA ORIENTAL IV,06-043,2747.0,182503.39
IZTACALCO,AGRICOLA ORIENTAL V,06-044,3279.0,213177.52
IZTACALCO,AGRICOLA ORIENTAL VI,06-045,3830.0,242464.1
IZTACALCO,AGRICOLA ORIENTAL VII,06-046,2695.0,156226.51
IZTACALCO,AGRICOLA ORIENTAL VIII,06-047,3090.0,142698.0
IZTACALCO,AMPLIACION RAMOS MILLAN,06-002,2275.0,63147.490000000005
IZTACALCO,CAMPAMENTO 2 DE OCTUBRE I,06-048,2259.0,18920.72
IZTACALCO,CAMPAMENTO 2 DE OCTUBRE II,06-049,2344.0,39484.119999999995
IZTACALCO,CARLOS ZAPATA VELA,06-004,2204.0,77345.01
IZTACALCO,CUCHILLA AGRICOLA ORIENTAL,06-006,760.0,32289.15
IZTACALCO,CUCHILLA RAMOS MILLAN,06-007,1233.0,13037.97
IZTACALCO,EL RODEO,06-008,1563.0,64992.78
IZTACALCO,EX EJIDOS DE LA MAGDALENA MIXIHUCA,06-009,446.0,27882.480000000003
IZTACALCO,FRACCIONAMIENTO COYUYA,06-005,779.0,53143.92
IZTACALCO,GABRIEL RAMOS MILLAN,06-010,2033.0,57204.53
IZTACALCO,GRANJAS MEXICO I,06-050,3003.0,383577.04
IZTACALCO,GRANJAS MEXICO II,06-051,2772.0,283864.99
IZTACALCO,INFONAVIT IZTACALCO (U HAB) I,06-052,2576.0,108289.981
IZTACALCO,INFONAVIT IZTACALCO (U HAB) II,06-053,2274.0,29034.519999999997
IZTACALCO,INPI PICOS,06-013,758.0,23626.91
IZTACALCO,JARDINES TECMA,06-014,488.0,21304.33
IZTACALCO,JUVENTINO ROSAS I,06-054,2114.0,92310.85
IZTACALCO,JUVENTINO ROSAS II,06-055,2013.0,87473.3
IZTACALCO,LA ASUNCION,06-016,464.0,32371.24
IZTACALCO,LA CRUZ,06-017,1136.0,80150.5
IZTACALCO,LOS REYES,06-018,2168.0,95466.7
IZTACALCO,MILITAR MARTE,06-019,2189.0,97988.78
IZTACALCO,MOSCO CHINAMPA,06-020,307.0,6378.969999999999
IZTACALCO,NUEVA STA ANITA,06-021,792.0,59619.45
IZTACALCO,PANTITLAN I,06-056,4065.0,248019.11
IZTACALCO,PANTITLAN II,06-057,3249.0,195563.04
IZTACALCO,PANTITLAN III,06-058,3327.0,186178.72
IZTACALCO,PANTITLAN IV,06-059,5587.0,346151.70999999996
IZTACALCO,PANTITLAN V,06-060,6457.0,396850.59
IZTACALCO,PICOS IZTACALCO 1-A,06-023,488.0,2503.01
IZTACALCO,PICOS IZTACALCO 1B,06-024,428.0,1756.27
IZTACALCO,PICOS IZTACALCO 2A,06-025,497.0,2799.29
IZTACALCO,RAMOS MILLAN BRAMADERO I,06-061,2122.0,83711.82
IZTACALCO,RAMOS MILLAN BRAMADERO II,06-062,2294.0,65115.92
IZTACALCO,REFORMA IZTACCIHUATL NORTE,06-027,1873.0,93013.29
IZTACALCO,REFORMA IZTACCIHUATL SUR,06-028,1188.0,72388.81
IZTACALCO,SAN FCO XICALTONGO,06-029,867.0,42513.64
IZTACALCO,SAN MIGUEL,06-030,1915.0,84821.31
IZTACALCO,SAN PEDRO IZTACALCO,06-031,1649.0,95052.16
IZTACALCO,SANTA ANITA,06-032,3350.0,227609.87
IZTACALCO,SANTA CRUZ,06-033,488.0,27001.37
IZTACALCO,SANTIAGO NORTE,06-034,1220.0,65158.94
IZTACALCO,SANTIAGO SUR,06-035,2379.0,88851.54000000001
IZTACALCO,TLACOTAL RAMOS MILLAN,06-036,2166.0,57394.68
IZTACALCO,TLAZINTLA,06-037,754.0,36272.05
IZTACALCO,VIADUCTO PIEDAD,06-038,3729.0,239839.05
IZTACALCO,ZAPOTLA,06-039,1143.0,88038.44
IZTAPALAPA,12 DE DICIEMBRE,07-253,815.0,18441.64
IZTAPALAPA,1A AMPLIACION SANTIAGO ACAHUALTEPEC,07-254,1870.0,2239.98
IZTAPALAPA,2A AMPLIACION SANTIAGO ACAHUALTEPEC I,07-308,2221.0,2135.67
IZTAPALAPA,2A AMPLIACION SANTIAGO ACAHUALTEPEC II,07-309,3985.0,2903.96
IZTAPALAPA,8A DE SAN MIGUEL (AMPL),07-256,529.0,22287.75
IZTAPALAPA,ACULCO (PBLO),07-001,1616.0,65593.64
IZTAPALAPA,ALVARO OBREGON,07-005,1289.0,2354.05
IZTAPALAPA,ALVARO OBREGON_(FRACC),07-006,1694.0,22701.699999999997
IZTAPALAPA,ANTORCHA POPULAR I (U HAB),07-008,206.0,31665.04
IZTAPALAPA,AO DE JUAREZ,07-007,937.0,2019.83
IZTAPALAPA,APATLACO,07-009,2682.0,81225.07
IZTAPALAPA,ARBOLEDAS,07-010,619.0,187.67
IZTAPALAPA,BANJIDAL,07-012,1221.0,74332.2
IZTAPALAPA,BELLAVISTA (U HAB),07-014,1322.0,18608.63
IZTAPALAPA,BENITO JUAREZ,07-015,363.0,10246.33
IZTAPALAPA,BUENAVISTA I,07-258,3174.0,853.26
IZTAPALAPA,BUENAVISTA II,07-259,3777.0,4.34
IZTAPALAPA,CABEZA DE JUAREZ I (U HAB),07-017,281.0,36324.55
IZTAPALAPA,CACAMA,07-020,597.0,91621.11
IZTAPALAPA,CAMPESTRE POTRERO,07-021,4015.0,495.23
IZTAPALAPA,CANANEA (U HAB),07-022,1367.0,768.19
IZTAPALAPA,CARLOS HANK GONZALEZ,07-023,3150.0,34099.17
IZTAPALAPA,CARMEN SERDAN ( U HAB),07-024,435.0,35.88
IZTAPALAPA,CASA BLANCA,07-025,1227.0,30634.769999999997
IZTAPALAPA,CERRO DE LA ESTRELLA I,07-260,3358.0,89288.09
IZTAPALAPA,CERRO DE LA ESTRELLA II,07-261,2868.0,101785.21
IZTAPALAPA,CHINAMPAC DE JUAREZ II,07-263,4440.0,1117.31
IZTAPALAPA,CHINAMPAC DE JUAREZ III,07-320,2524.0,73765.69
IZTAPALAPA,CHINAMPAS DE SANTA MA TOMATLAN,07-029,389.0,15157.37
IZTAPALAPA,CITLALLI,07-030,4000.0,2495.13
IZTAPALAPA,COLONIAL IZTAPALAPA (FRACC),07-031,1440.0,9486.26
IZTAPALAPA,CONCORDIA ZARAGOZA (U HAB),07-032,999.0,68129.45
IZTAPALAPA,CONSEJO AGRARISTA MEXICANO I,07-264,4172.0,51592.47
IZTAPALAPA,CONSEJO AGRARISTA MEXICANO II,07-265,3515.0,82993.22
IZTAPALAPA,CONSTITUCION DE 1917 I,07-266,2642.0,43128.91
IZTAPALAPA,CONSTITUCION DE 1917 II,07-267,1598.0,51116.33
IZTAPALAPA,CUCHILLAS DEL MORAL (U HAB),07-035,1155.0,62383.09
IZTAPALAPA,CUITLAHUAC (U HAB),07-036,646.0,876.54
IZTAPALAPA,CULHUACAN (PBLO),07-037,1536.0,37721.88
IZTAPALAPA,DEGOLLADO,07-038,856.0,3221.1000000000004
IZTAPALAPA,DESARROLLO URBANO QUETZALCOATL  I,07-268,4061.0,38931.75
IZTAPALAPA,DESARROLLO URBANO QUETZALCOATL  II,07-269,4228.0,47966.54
IZTAPALAPA,DESARROLLO URBANO QUETZALCOATL  III,07-270,5334.0,43486.51
IZTAPALAPA,DR ALFONSO ORTIZ TIRADO,07-041,1091.0,60107.63
IZTAPALAPA,EJERCITO DE AGUA PRIETA,07-042,2055.0,47073.08
IZTAPALAPA,EJERCITO DE ORIENTE (U HAB) I,07-271,2033.0,5726.25
IZTAPALAPA,EJERCITO DE ORIENTE (U HAB) II,07-272,2563.0,19458.84
IZTAPALAPA,EJTO CONSTITUCIONALISTA,07-044,1959.0,208836.43
IZTAPALAPA,"EJTO CONSTITUCIONALISTA, SUPERMANZANA I ( U HAB)",07-046,2054.0,1536.4
IZTAPALAPA,"EJTO CONSTITUCIONALISTA, SUPERMANZANA II ( U HAB)",07-047,1591.0,31139.84
IZTAPALAPA,EJTO DE OTE II (U HAB),07-049,2100.0,73101.22
IZTAPALAPA,EL EDEN,07-050,367.0,942.39
IZTAPALAPA,EL MANTO,07-051,3360.0,5494.13
IZTAPALAPA,EL MANTO PLAN DE IGUALA,07-052,596.0,5831.469999999999
IZTAPALAPA,EL MIRADOR,07-053,1591.0,28228.46
IZTAPALAPA,EL MOLINO,07-054,1854.0,4321.83
IZTAPALAPA,EL MOLINO_,07-055,291.0,5225.16
IZTAPALAPA,EL PRADO,07-056,791.0,55657.45
IZTAPALAPA,EL RETOO,07-057,2499.0,99256.87
IZTAPALAPA,EL RODEO,07-058,736.0,18417.98
IZTAPALAPA,EL ROSARIO,07-059,1708.0,16324.9
IZTAPALAPA,EL SANTUARIO,07-060,1784.0,18133.76
IZTAPALAPA,EL SANTUARIO (AMPL),07-061,1190.0,13381.18
IZTAPALAPA,EL SIFON,07-062,3199.0,96016.96
IZTAPALAPA,EL TRIANGULO,07-063,1740.0,5979.07
IZTAPALAPA,EL TRIUNFO,07-064,855.0,43098.41
IZTAPALAPA,EL TRIUNFO (AMPL),07-065,1819.0,44318.09
IZTAPALAPA,EL VERGEL,07-066,1457.0,62636.56
IZTAPALAPA,EL VERGEL TRIANGULO DE LAS AGUJAS I (U HAB),07-067,361.0,21951.7
IZTAPALAPA,EMILIANO ZAPATA (AMPL),07-069,2578.0,726.0999999999999
IZTAPALAPA,ERMITA ZARAGOZA (U HAB) I,07-273,2704.0,1841.37
IZTAPALAPA,ERMITA ZARAGOZA (U HAB) II,07-274,2884.0,16238.98
IZTAPALAPA,ESCUADRON 201,07-071,3852.0,209657.65
IZTAPALAPA,ESTRELLA CULHUACAN,07-073,593.0,9453.23
IZTAPALAPA,ESTRELLA DEL SUR,07-074,2152.0,33349.9
IZTAPALAPA,FRANCISCO VILLA,07-076,2836.0,2576.62
IZTAPALAPA,FUEGO NUEVO,07-077,3704.0,3224.42
IZTAPALAPA,FUERTE DE LORETO - LA ANTENA (U HAB),07-079,2734.0,18051.93
IZTAPALAPA,GAMA GAVILAN (U HAB),07-080,366.0,5789.58
IZTAPALAPA,GRANJAS ESMERALDA,07-082,775.0,122954.87
IZTAPALAPA,GRANJAS ESTRELLA I,07-083,1744.0,78444.08
IZTAPALAPA,GRANJAS ESTRELLA II,07-084,382.0,744.01
IZTAPALAPA,GRANJAS SAN ANTONIO,07-086,1081.0,130215.5
IZTAPALAPA,GUADALUPE (BARR),07-087,625.0,17338.41
IZTAPALAPA,GUADALUPE DEL MORAL,07-088,2711.0,16902.6
IZTAPALAPA,HEROES DE CHURUBUSCO,07-091,1992.0,116963.0
IZTAPALAPA,HUASIPUNGO (U HAB),07-092,163.0,3594.52
IZTAPALAPA,IGNACIO ZARAGOZA (U HAB),07-094,464.0,41337.23
IZTAPALAPA,INSURGENTES,07-095,1613.0,2527.12
IZTAPALAPA,IXTLAHUACAN,07-096,4840.0,2762.38
IZTAPALAPA,JACARANDAS,07-097,2367.0,8958.75
IZTAPALAPA,JARDINES DE CHURUBUSCO,07-098,502.0,9294.95
IZTAPALAPA,JARDINES DE SAN LORENZO,07-099,1946.0,1716.38
IZTAPALAPA,JOSE LOPEZ PORTILLO I,07-275,3481.0,63240.65
IZTAPALAPA,JOSE LOPEZ PORTILLO II,07-276,2884.0,64318.0
IZTAPALAPA,JOSE MA MORELOS Y PAVON (U HAB),07-101,465.0,0.0
IZTAPALAPA,JUAN ESCUTIA I,07-277,2729.0,153509.74
IZTAPALAPA,JUAN ESCUTIA II,07-278,2074.0,111170.55
IZTAPALAPA,JUAN ESCUTIA III,07-313,2104.0,76025.51000000001
IZTAPALAPA,JUSTO SIERRA,07-103,371.0,17885.92
IZTAPALAPA,LA ASUNCION (BARR),07-104,1070.0,3224.44
IZTAPALAPA,LA COLMENA,07-105,975.0,4906.97
IZTAPALAPA,LA ERA,07-106,1952.0,3383.45
IZTAPALAPA,LA ESPERANZA,07-107,379.0,8846.73
IZTAPALAPA,LA ESTACION,07-108,541.0,2351.09
IZTAPALAPA,LA MAGUEYERA,07-111,886.0,22860.11
IZTAPALAPA,LA NUEVA ROSITA,07-112,923.0,19923.15
IZTAPALAPA,LA PLANTA,07-113,1639.0,518.38
IZTAPALAPA,LA POLVORILLA,07-114,1104.0,16744.43
IZTAPALAPA,LA REGADERA,07-116,205.0,2483.41
IZTAPALAPA,LAS PEAS I,07-118,3265.0,30170.3
IZTAPALAPA,LAS PEAS II,07-314,443.0,11355.56
IZTAPALAPA,LEYES DE REFORMA 1A SECCION,07-119,2114.0,28683.5
IZTAPALAPA,LEYES DE REFORMA 2A SECCION,07-120,1425.0,73047.98
IZTAPALAPA,LEYES DE REFORMA 3A SECCION I,07-279,4503.0,23595.04
IZTAPALAPA,LEYES DE REFORMA 3A SECCION II,07-280,3518.0,12244.59
IZTAPALAPA,LOMAS DE LA ESTANCIA I,07-281,2072.0,282.45
IZTAPALAPA,LOMAS DE LA ESTANCIA II,07-282,3972.0,70443.37
IZTAPALAPA,LOMAS DE SAN LORENZO I,07-283,3898.0,69976.95999999999
IZTAPALAPA,LOMAS DE SANTA CRUZ MEYEHUALCO,07-124,1645.0,60.43000000000001
IZTAPALAPA,LOMAS DE ZARAGOZA,07-125,4834.0,4160.0
IZTAPALAPA,LOMAS ESTRELLA 1A SECC (FRACC),07-128,861.0,36373.48
IZTAPALAPA,LOMAS ESTRELLA 2A SECC I,07-285,3375.0,148881.71
IZTAPALAPA,LOMAS ESTRELLA 2A SECC II,07-286,4123.0,166122.16
IZTAPALAPA,LOS ANGELES,07-130,3907.0,8738.560000000001
IZTAPALAPA,LOS ANGELES APANOAYA,07-131,1257.0,3045.84
IZTAPALAPA,LOS CIPRESES,07-132,766.0,37426.41
IZTAPALAPA,LOS PICOS VI B,07-133,689.0,5734.5
IZTAPALAPA,LOS REYES (AMPL),07-134,2035.0,32199.83
IZTAPALAPA,LOS REYES (PBLO),07-135,1827.0,64279.81
IZTAPALAPA,M MAZA DE JUAREZ (U HAB),07-136,777.0,1708.1
IZTAPALAPA,MAGDALENA ATLAZOLPA (PBLO),07-137,1794.0,37311.81
IZTAPALAPA,MEXICALTZINGO (PBLO),07-138,326.0,22522.73
IZTAPALAPA,MIGUEL DE LA MADRID HURTADO,07-139,4172.0,1257.67
IZTAPALAPA,MINERVA,07-141,474.0,25714.35
IZTAPALAPA,MIRASOLES (U HAB),07-142,2902.0,196175.96
IZTAPALAPA,MIRAVALLE,07-143,3510.0,866.75
IZTAPALAPA,MIXCOATL,07-144,1789.0,11212.48
IZTAPALAPA,MODELO (U),07-145,1980.0,74453.47
IZTAPALAPA,MONTE ALBAN,07-146,355.0,0.0
IZTAPALAPA,NORMA ISSSTE (U HAB),07-149,647.0,9997.65
IZTAPALAPA,PALMITAS,07-151,2677.0,1467.42
IZTAPALAPA,PARAISO,07-152,1969.0,5577.3099999999995
IZTAPALAPA,PARAJE SAN JUAN,07-154,2838.0,3387.43
IZTAPALAPA,PARAJE ZACATEPEC,07-155,2703.0,2841.85
IZTAPALAPA,PARAJES BUENAVISTA (TETECON),07-156,2239.0,71.7
IZTAPALAPA,PASEOS DE CHURUBUSCO,07-157,3579.0,143563.8
IZTAPALAPA,POLVORILLA (AMPL),07-115,1413.0,118.62
IZTAPALAPA,PRESIDENTES DE MEXICO,07-162,4419.0,4911.08
IZTAPALAPA,PRIVADA GAVILAN (U HAB),07-163,638.0,442.41
IZTAPALAPA,PROGRESISTA,07-164,2783.0,79220.51999999999
IZTAPALAPA,PROGRESO DEL SUR,07-165,637.0,45929.18
IZTAPALAPA,PUENTE BLANCO,07-166,2200.0,2317.59
IZTAPALAPA,PURISIMA ATLAZOLPA,07-167,631.0,13728.509999999998
IZTAPALAPA,PURISIMA I,07-168,272.0,4194.83
IZTAPALAPA,REAL DEL MORAL (FRACC),07-169,1196.0,13232.79
IZTAPALAPA,REFORMA POLITICA I,07-287,1723.0,174.18
IZTAPALAPA,REFORMA POLITICA II,07-288,2548.0,3025.78
IZTAPALAPA,RENOVACION,07-171,3619.0,51392.06
IZTAPALAPA,RICARDO FLORES MAGON,07-172,492.0,15546.83
IZTAPALAPA,RICARDO FLORES MAGON (AMPL),07-173,841.0,36934.69
IZTAPALAPA,RINCONADA EL MOLINO,07-174,495.0,0.0
IZTAPALAPA,SAN ANDRES TETEPILCO (PBLO),07-175,4099.0,223463.1
IZTAPALAPA,SAN ANDRES TOMATLAN (PBLO),07-176,1351.0,36441.94
IZTAPALAPA,SAN ANTONIO (BARR),07-177,3941.0,14516.43
IZTAPALAPA,SAN ANTONIO CULHUACAN (BARR),07-178,1795.0,43596.05
IZTAPALAPA,SAN FRANCISCO APOLOCALCO,07-179,1406.0,0.0
IZTAPALAPA,SAN IGNACIO (BARR),07-180,2258.0,4840.95
IZTAPALAPA,SAN JOSE (BARR),07-181,929.0,128873.71
IZTAPALAPA,SAN JOSE ACULCO,07-182,2411.0,32233.45
IZTAPALAPA,SAN JOSE BUENAVISTA,07-183,1172.0,97.16
IZTAPALAPA,SAN JUAN 2A AMPLIACIN (PJE),07-184,943.0,755.3800000000001
IZTAPALAPA,SAN JUAN CERRO (PJE),07-185,1449.0,1760.91
IZTAPALAPA,SAN JUAN JOYA (PJE),07-186,1063.0,28170.839999999997
IZTAPALAPA,SAN JUAN XALPA I,07-289,3931.0,109243.8
IZTAPALAPA,SAN JUAN XALPA II,07-290,4567.0,98426.08
IZTAPALAPA,SAN JUANICO NEXTIPAC (PBLO),07-188,987.0,29185.43
IZTAPALAPA,SAN LORENZO TEZONCO (BARR),07-190,930.0,1034.7
IZTAPALAPA,SAN LORENZO TEZONCO (PBLO),07-191,2141.0,61306.91
IZTAPALAPA,SAN LORENZO XICOTENCATL (PBLO),07-194,1275.0,57560.71
IZTAPALAPA,SAN LUCAS (BARR),07-195,1940.0,11453.33
IZTAPALAPA,SAN MIGUEL (BARR),07-196,5981.0,36240.92
IZTAPALAPA,SAN MIGUEL TEOTONGO I,07-291,3488.0,2615.21
IZTAPALAPA,SAN MIGUEL TEOTONGO II,07-292,4703.0,2932.94
IZTAPALAPA,SAN MIGUEL TEOTONGO III,07-293,3781.0,3046.77
IZTAPALAPA,SAN MIGUEL TEOTONGO IV,07-294,2456.0,2235.26
IZTAPALAPA,SAN NICOLAS TOLENTINO I,07-198,1700.0,34888.56
IZTAPALAPA,SAN NICOLAS TOLENTINO II,07-199,2589.0,64817.55
IZTAPALAPA,SAN PABLO (BARR),07-200,1135.0,9384.57
IZTAPALAPA,"SAN PABLO I, II Y V-LOMAS DEL PARAISO",07-201,1709.0,452.67
IZTAPALAPA,SAN PEDRO (BARR),07-202,1383.0,19112.37
IZTAPALAPA,SAN SEBASTIAN TECOLOXTITLAN (PBLO),07-203,2542.0,3990.54
IZTAPALAPA,SAN SIMON CULHUACAN (BARR),07-204,1247.0,39559.82
IZTAPALAPA,SANTA BARBARA (BARR) I,07-205,3142.0,9382.46
IZTAPALAPA,SANTA BARBARA (BARR) II,07-316,1247.0,2771.49
IZTAPALAPA,SANTA CRUZ MEYEHUALCO (PBLO),07-206,3453.0,5728.11
IZTAPALAPA,SANTA CRUZ MEYEHUALCO (U HAB) I,07-295,2627.0,6256.18
IZTAPALAPA,SANTA CRUZ MEYEHUALCO (U HAB) II,07-296,1899.0,7923.35
IZTAPALAPA,SANTA MARIA AZTAHUACAN (EJ) I,07-297,4602.0,32848.61
IZTAPALAPA,SANTA MARIA AZTAHUACAN (EJ) II,07-298,3744.0,66305.63
IZTAPALAPA,SANTA MARIA AZTAHUACAN (U HAB),07-317,651.0,4147.74
IZTAPALAPA,SANTA MARIA DEL MONTE,07-211,360.0,0.0
IZTAPALAPA,SANTA MARIA TOMATLAN,07-212,640.0,17331.47
IZTAPALAPA,SANTA MARIA TOMATLAN (AMPL),07-213,540.0,4185.6
IZTAPALAPA,SANTA MARIA TOMATLAN (PBLO),07-214,1271.0,27959.99
IZTAPALAPA,SANTA MARTHA ACATITLA,07-215,3886.0,131815.21
IZTAPALAPA,SANTA MARTHA ACATITLA SUR (AMPL),07-216,1510.0,36657.51
IZTAPALAPA,SANTIAGO ACAHUALTEPEC (PBLO),07-219,1936.0,3095.56
IZTAPALAPA,SECTOR POPULAR,07-220,3075.0,154738.7
IZTAPALAPA,SIDERAL,07-221,614.0,571.0799999999999
IZTAPALAPA,SIERRA DEL VALLE,07-222,231.0,1106.75
IZTAPALAPA,SINATEL,07-223,830.0,63323.45
IZTAPALAPA,SINATEL (AMPL),07-224,851.0,37685.869999999995
IZTAPALAPA,SOLIDARIDAD EL SALADO (U HAB),07-225,3002.0,3042.0299999999997
IZTAPALAPA,STA ISABEL INDUSTRIAL,07-226,520.0,50134.02
IZTAPALAPA,STA MA AZTAHUACAN (PBLO),07-227,3503.0,2864.23
IZTAPALAPA,STA MARTHA ACATITLA NTE (AMPL) I,07-299,2089.0,48341.39
IZTAPALAPA,STA MARTHA ACATITLA NTE (AMPL) II,07-300,2476.0,44107.26
IZTAPALAPA,TENORIOS,07-229,3385.0,1254.3
IZTAPALAPA,TENORIOS (AMPL),07-318,1346.0,10.33
IZTAPALAPA,TEPALCATES I,07-301,3383.0,206164.66
IZTAPALAPA,TEPALCATES II,07-302,2035.0,102243.6
IZTAPALAPA,TEXCOCO EL SALADO,07-231,139.0,6681.33
IZTAPALAPA,TULA (BARR),07-234,257.0,11796.38
IZTAPALAPA,USCOVI (U HAB),07-235,320.0,0.0
IZTAPALAPA,VALLE DE LUCES (U HAB),07-236,1360.0,840.07
IZTAPALAPA,VALLE DE LUCES I,07-237,2207.0,2171.54
IZTAPALAPA,VALLE DE SAN LORENZO I,07-303,2343.0,1015.66
IZTAPALAPA,VALLE DE SAN LORENZO II,07-304,2105.0,616.44
IZTAPALAPA,VALLE DEL SUR,07-240,1851.0,85228.05
IZTAPALAPA,VERACRUZANA (AMPL),07-241,330.0,248.02999999999997
IZTAPALAPA,VICENTE GUERRERO SUPER MANZANA 1 (U HAB),07-242,954.0,716.12
IZTAPALAPA,VICENTE GUERRERO SUPER MANZANA 2 (U HAB),07-243,1001.0,837.13
IZTAPALAPA,VICENTE GUERRERO SUPER MANZANA 3 (U HAB),07-244,1092.0,1889.38
IZTAPALAPA,VICENTE GUERRERO SUPER MANZANA 4 (U HAB),07-245,1564.0,816.0999999999999
IZTAPALAPA,VICENTE GUERRERO SUPER MANZANA 5 (U HAB),07-246,2124.0,7324.77
IZTAPALAPA,VICENTE GUERRERO SUPER MANZANA 6 (U HAB),07-247,1858.0,29677.199999999997
IZTAPALAPA,VICENTE GUERRERO SUPER MANZANA 7 (U HAB),07-248,1183.0,948.6
IZTAPALAPA,XALPA I,07-305,1999.0,346.41999999999996
IZTAPALAPA,XALPA II,07-306,3375.0,9195.02
IZTAPALAPA,XALPA III,07-307,4182.0,5633.29
IZTAPALAPA,ZACAHUITZCO,07-251,1452.0,123651.11
LA MAGDALENA CONTRERAS,ATACAXCO,08-001,405.0,0.0
LA MAGDALENA CONTRERAS,BARRANCA SECA,08-002,1403.0,5706.16
LA MAGDALENA CONTRERAS,BARROS SIERRA,08-003,1272.0,1780.35
LA MAGDALENA CONTRERAS,BATAN VIEJO (EL MAESTRO),08-008,367.0,8276.56
LA MAGDALENA CONTRERAS,CUAUHTEMOC,08-005,1652.0,56340.03
LA MAGDALENA CONTRERAS,EL ERMITAO,08-006,1220.0,0.0
LA MAGDALENA CONTRERAS,EL OCOTAL,08-009,2669.0,0.0
LA MAGDALENA CONTRERAS,EL ROSAL,08-010,1939.0,282.86
LA MAGDALENA CONTRERAS,EL TANQUE,08-011,2838.0,252.69
LA MAGDALENA CONTRERAS,EL TORO,08-012,1221.0,715.27
LA MAGDALENA CONTRERAS,HEROES DE PADIERNA,08-013,1571.0,187605.12
LA MAGDALENA CONTRERAS,HUAYATLA,08-014,1218.0,186.33999999999995
LA MAGDALENA CONTRERAS,INDEPENDENCIA BATAN SUR (U HAB),08-016,589.0,9229.85
LA MAGDALENA CONTRERAS,INDEPENDENCIA SAN RAMON (U HAB),08-017,937.0,1200.43
LA MAGDALENA CONTRERAS,INFONAVIT (U HAB),08-018,134.0,8580.93
LA MAGDALENA CONTRERAS,LA CARBONERA,08-020,1589.0,326.54999999999995
LA MAGDALENA CONTRERAS,LA CONCEPCION,08-021,491.0,25948.800000000003
LA MAGDALENA CONTRERAS,LA CRUZ,08-022,1261.0,5608.55
LA MAGDALENA CONTRERAS,LA GUADALUPE,08-023,410.0,935.56
LA MAGDALENA CONTRERAS,LA MAGDALENA ATLITIC (PBLO),08-024,940.0,16362.69
LA MAGDALENA CONTRERAS,LA MALINCHE,08-025,2737.0,46243.14
LA MAGDALENA CONTRERAS,LAS CALLES (BARR),08-026,91.0,2312.7200000000003
LA MAGDALENA CONTRERAS,LAS CRUCES,08-027,2884.0,132.86
LA MAGDALENA CONTRERAS,LOMAS DE SAN BERNABE,08-030,2032.0,1650.75
LA MAGDALENA CONTRERAS,LOMAS QUEBRADAS,08-032,1260.0,44090.93
LA MAGDALENA CONTRERAS,LOS PADRES,08-033,1868.0,278.63
LA MAGDALENA CONTRERAS,PLAZUELA DEL PEDREGAL,08-035,155.0,115.8
LA MAGDALENA CONTRERAS,POTRERILLO,08-036,810.0,645.68
LA MAGDALENA CONTRERAS,POTRERILLO (AMPL),08-037,656.0,0.0
LA MAGDALENA CONTRERAS,PUEBLO NUEVO ALTO,08-038,1715.0,389.31
LA MAGDALENA CONTRERAS,PUEBLO NUEVO BAJO,08-039,1063.0,5171.96
LA MAGDALENA CONTRERAS,PUENTE SIERRA,08-040,30.0,1810.48
LA MAGDALENA CONTRERAS,SAN BARTOLO AMEYALCO,08-041,1211.0,16942.57
LA MAGDALENA CONTRERAS,SAN BERNABE OCOTEPEC (PBLO),08-042,3207.0,3833.66
LA MAGDALENA CONTRERAS,SAN FRANCISCO,08-043,1076.0,9113.13
LA MAGDALENA CONTRERAS,SAN FRANCISCO (BARR),08-044,1473.0,62929.75
LA MAGDALENA CONTRERAS,SAN JERONIMO ACULCO - LIDICE (PBLO),08-045,7379.0,715020.88
LA MAGDALENA CONTRERAS,SAN NICOLAS TOTOLAPAN,08-047,1022.0,34.879999999999995
LA MAGDALENA CONTRERAS,SAN NICOLAS TOTOLAPAN (PBLO),08-048,3561.0,494.69
LA MAGDALENA CONTRERAS,SANTA TERESA,08-049,659.0,27109.82
LA MAGDALENA CONTRERAS,TIERRA UNIDA,08-052,999.0,3817.18
LA MAGDALENA CONTRERAS,VISTA HERMOSA,08-053,433.0,0.0
MIGUEL HIDALGO,10 DE ABRIL,16-085,108.0,17694.870000000003
MIGUEL HIDALGO,16 DE SEPTIEMBRE,16-086,691.0,51640.0
MIGUEL HIDALGO,5 DE MAYO,16-087,1037.0,34770.49
MIGUEL HIDALGO,AGRICULTURA,16-001,1584.0,116465.19
MIGUEL HIDALGO,AHUEHUETES ANAHUAC,16-002,595.0,36899.34
MIGUEL HIDALGO,AMERICA,16-003,1455.0,74881.15
MIGUEL HIDALGO,ANAHUAC DOS LAGOS,16-006,387.0,27071.46
MIGUEL HIDALGO,ANAHUAC I,16-088,6765.0,450851.13
MIGUEL HIDALGO,ANAHUAC II,16-089,6412.0,441713.9
MIGUEL HIDALGO,ANAHUAC LAGO NORTE,16-007,366.0,26433.43
MIGUEL HIDALGO,ANAHUAC LAGO SUR,16-008,578.0,40215.21
MIGUEL HIDALGO,ANAHUAC LOS MANZANOS,16-009,3298.0,227595.56
MIGUEL HIDALGO,ANAHUAC MARIANO ESCOBEDO,16-010,942.0,54191.67
MIGUEL HIDALGO,ANAHUAC PERALITOS,16-011,413.0,25284.96
MIGUEL HIDALGO,ANGEL ZIMBRON,16-012,479.0,31759.6
MIGUEL HIDALGO,ANZURES,16-013,2539.0,487373.22
MIGUEL HIDALGO,ARGENTINA ANTIGUA,16-014,2167.0,99083.33
MIGUEL HIDALGO,"BOSQUE DE CHAPULTEPEC I, II Y III SECCIONES",16-018,1584.0,232516.7
MIGUEL HIDALGO,BOSQUES DE CHAPULTEPEC (POLANCO),16-018,1584.0,256250.54
MIGUEL HIDALGO,BOSQUES DE LAS LOMAS,16-019,1953.0,324189.8
MIGUEL HIDALGO,CHAPULTEPEC MORALES (POLANCO),16-021,3258.0,579934.47
MIGUEL HIDALGO,CUAUHTEMOC PENSIL,16-023,4347.0,100415.26
MIGUEL HIDALGO,DANIEL GARZA,16-024,1601.0,70355.43
MIGUEL HIDALGO,DANIEL GARZA (AMPL),16-025,2017.0,128695.78
MIGUEL HIDALGO,DEL BOSQUE (POLANCO),16-026,371.0,76953.97
MIGUEL HIDALGO,DEPORTIVA PENSIL,16-028,1002.0,95480.78
MIGUEL HIDALGO,ESCANDON I,16-090,4541.0,346061.01
MIGUEL HIDALGO,ESCANDON II,16-091,6583.0,431574.28
MIGUEL HIDALGO,FRANCISCO I MADERO,16-030,435.0,19293.82
MIGUEL HIDALGO,GRANADA,16-031,3778.0,624884.98
MIGUEL HIDALGO,GRANADA (AMPL),16-032,7007.0,297960.34
MIGUEL HIDALGO,HUICHAPAN,16-033,543.0,40478.29
MIGUEL HIDALGO,IGNACIO MANUEL ALTAMIRANO,16-034,374.0,15190.97
MIGUEL HIDALGO,IRRIGACION,16-035,2198.0,262742.29
MIGUEL HIDALGO,LEGARIA,16-036,2187.0,114517.53
MIGUEL HIDALGO,LEGARIA (U HAB),16-037,635.0,38912.03
MIGUEL HIDALGO,LOMA HERMOSA (CONJ HAB),16-038,1510.0,88605.01000000001
MIGUEL HIDALGO,LOMAS DE BARRILACO (LOMAS DE CHAPULTEPEC),16-040,1779.0,156899.58
MIGUEL HIDALGO,LOMAS DE BEZARES,16-041,1142.0,155028.46
MIGUEL HIDALGO,LOMAS DE REFORMA,16-043,733.0,69075.45
MIGUEL HIDALGO,LOMAS DE REFORMA (LOMAS DE CHAPULTEPEC),16-044,450.0,108003.16
MIGUEL HIDALGO,LOMAS DE SOTELO,16-045,2409.0,162766.65
MIGUEL HIDALGO,LOMAS VIRREYES (LOMAS DE CHAPULTEPEC),16-046,1060.0,217188.87
MIGUEL HIDALGO,LOS MORALES (POLANCO),16-047,1515.0,280295.32
MIGUEL HIDALGO,MARINA NACIONAL (U HAB),16-049,626.0,42087.37
MIGUEL HIDALGO,MEXICO NUEVO,16-050,1269.0,72786.01
MIGUEL HIDALGO,MILITAR 1 K LOMAS DE SOTELO (U HAB),16-051,1295.0,389967.98
MIGUEL HIDALGO,MODELO PENSIL,16-052,789.0,58021.48
MIGUEL HIDALGO,MOLINO DEL REY,16-053,166.0,15121.42
MIGUEL HIDALGO,MORALES SECCION ALAMEDA (POLANCO),16-054,456.0,57215.09
MIGUEL HIDALGO,MORALES SECCION PALMAS (POLANCO),16-055,758.0,200319.51
MIGUEL HIDALGO,NEXTITLA,16-056,686.0,48550.61
MIGUEL HIDALGO,NUEVA ARGENTINA (ARGENTINA PONIENTE),16-057,1753.0,75131.22
MIGUEL HIDALGO,OBSERVATORIO,16-058,1325.0,75459.84
MIGUEL HIDALGO,PALMITAS (POLANCO),16-059,805.0,140916.22
MIGUEL HIDALGO,PENSIL NORTE,16-060,3100.0,100584.31
MIGUEL HIDALGO,PENSIL SAN JUANICO,16-061,1945.0,143670.85
MIGUEL HIDALGO,PENSIL SUR,16-062,823.0,23647.38
MIGUEL HIDALGO,PERIODISTA,16-063,281.0,70651.84
MIGUEL HIDALGO,PLUTARCO ELIAS CALLES,16-064,422.0,41350.95
MIGUEL HIDALGO,POLANCO REFORMA (POLANCO),16-065,2676.0,438902.96
MIGUEL HIDALGO,POPO,16-066,615.0,24773.0
MIGUEL HIDALGO,POPO (AMPL),16-067,157.0,8317.27
MIGUEL HIDALGO,POPOTLA I,16-092,1722.0,115973.67
MIGUEL HIDALGO,POPOTLA II,16-093,3604.0,232847.84000000003
MIGUEL HIDALGO,REFORMA PENSIL,16-069,1046.0,70125.05
MIGUEL HIDALGO,REFORMA SOCIAL,16-070,2213.0,210469.07
MIGUEL HIDALGO,RINCON DEL BOSQUE,16-071,307.0,40452.97
MIGUEL HIDALGO,SAN DIEGO OCOYOACAC,16-072,2068.0,96535.43
MIGUEL HIDALGO,SAN JOAQUIN,16-073,1055.0,61580.78
MIGUEL HIDALGO,SAN LORENZO TLALTENANGO,16-074,433.0,37450.98
MIGUEL HIDALGO,SAN MIGUEL CHAPULTEPEC I,16-094,2093.0,177193.27
MIGUEL HIDALGO,SAN MIGUEL CHAPULTEPEC II,16-095,2874.0,292838.08999999997
MIGUEL HIDALGO,SANTO TOMAS,16-076,251.0,69925.07
MIGUEL HIDALGO,TACUBA,16-077,4195.0,366210.7
MIGUEL HIDALGO,TACUBAYA,16-078,3271.0,289235.62
MIGUEL HIDALGO,TLAXPANA,16-080,2901.0,186861.56
MIGUEL HIDALGO,TORRE BLANCA,16-081,2049.0,107650.05
MIGUEL HIDALGO,TORRE BLANCA (AMPL),16-004,795.0,49986.53
MIGUEL HIDALGO,TORRES TOREO,16-027,3318.0,118154.08
MIGUEL HIDALGO,UN HOGAR PARA NOSOTROS,16-082,282.0,22553.07
MIGUEL HIDALGO,VENTURA PEREZ DE ALBA,16-083,831.0,45934.44
MIGUEL HIDALGO,VERONICA ANZURES,16-084,1386.0,287471.52
MILPA ALTA,SAN AGUSTIN OHTENCO (PBLO),09-001,411.0,463.15
MILPA ALTA,SAN ANTONIO TECOMITL (PBLO),09-002,7201.0,70917.61
MILPA ALTA,SAN BARTOLOME XICOMULCO (PBLO),09-003,1179.0,10565.34
MILPA ALTA,SAN FRANCISCO TECOXPA (PBLO),09-004,1375.0,3275.2799999999997
MILPA ALTA,SAN JERONIMO MIACATLAN (PBLO),09-005,995.0,1164.42
MILPA ALTA,SAN JUAN TEPENAHUAC (PBLO),09-006,487.0,489.81
MILPA ALTA,SAN LORENZO TLACOYUCAN (PBLO),09-007,1062.0,1180.63
MILPA ALTA,SAN PEDRO ATOCPAN (PBLO),09-009,2281.0,13479.1
MILPA ALTA,SAN SALVADOR CUAUHTENCO (PBLO),09-010,3727.0,2836.16
MILPA ALTA,SANTA ANA TLACOTENCO (PBLO),09-011,3010.0,2920.61
MILPA ALTA,VILLA MILPA ALTA (PBLO),09-012,5079.0,38119.77
TLAHUAC,AGRICOLA METROPOLITANA,11-001,2542.0,38757.96
TLAHUAC,DEL MAR NORTE,11-003,776.0,14728.8
TLAHUAC,DEL MAR SUR,11-004,4214.0,77963.70999999999
TLAHUAC,EL ROSARIO,11-006,885.0,72.79
TLAHUAC,EL TRIANGULO,11-007,1132.0,3557.74
TLAHUAC,EMILIANO ZAPATA 1A,11-008,592.0,2372.01
TLAHUAC,EMILIANO ZAPATA 2A,11-009,395.0,3372.25
TLAHUAC,FRANCISCO VILLA,11-010,410.0,6981.33
TLAHUAC,GRANJAS CABRERA,11-011,649.0,20740.05
TLAHUAC,JAIME TORRES BODET,11-012,2016.0,1259.94
TLAHUAC,JARDINES DEL LLANO-U.H. VILLA TLATEMPA,11-013,768.0,11915.62
TLAHUAC,LA CONCHITA I,11-056,3100.0,6677.6900000000005
TLAHUAC,LA CONCHITA II,11-057,5180.0,8286.27
TLAHUAC,LA DRAGA,11-014,2324.0,824.9
TLAHUAC,LA ESTACION,11-015,2576.0,17918.920000000002
TLAHUAC,LA HABANA,11-016,1266.0,1877.79
TLAHUAC,LA NOPALERA,11-019,1860.0,33337.619999999995
TLAHUAC,LA TURBA,11-020,592.0,5604.66
TLAHUAC,LAS ARBOLEDAS,11-021,3581.0,80191.62
TLAHUAC,LOPEZ PORTILLO,11-022,1196.0,2058.7200000000003
TLAHUAC,LOS OLIVOS,11-024,2551.0,73337.47
TLAHUAC,MIGUEL HIDALGO,11-025,2850.0,46463.57
TLAHUAC,MIGUEL HIDALGO OTE,11-026,3885.0,25830.79
TLAHUAC,OJO DE AGUA,11-027,862.0,4628.96
TLAHUAC,PEA ALTA,11-029,1746.0,453.92
TLAHUAC,QUIAHUATLA,11-030,1107.0,13513.65
TLAHUAC,SAN ANDRES MIXQUIC (PBLO),11-031,3193.0,5923.92
TLAHUAC,SAN FRANCISCO TLALTENCO (PBLO),11-032,4640.0,25594.99
TLAHUAC,SAN JOSE,11-033,2125.0,5299.01
TLAHUAC,SAN JUAN IXTAYOPAN (PBLO),11-034,2597.0,34903.16
TLAHUAC,SAN MIGUEL ZAPOTITLA,11-036,3790.0,16720.25
TLAHUAC,SAN NICOLAS TETELCO (PBLO),11-037,1065.0,841.16
TLAHUAC,SAN PEDRO TLAHUAC (PBLO),11-038,4606.0,18759.86
TLAHUAC,SANTA CATARINA (AMPL),11-039,459.0,2155.62
TLAHUAC,SANTA CATARINA YECAHUIZOTL (PBLO),11-040,1760.0,2916.9700000000003
TLAHUAC,SANTA CECILIA,11-041,1635.0,9452.47
TLAHUAC,SANTIAGO ZAPOTITLAN (PBLO),11-042,3376.0,19648.59
TLAHUAC,SELENE (AMPL),11-043,1503.0,3753.49
TLAHUAC,SELENE 1a SECC,11-044,2528.0,1979.26
TLAHUAC,SELENE 2da SECC,11-045,2412.0,1619.5300000000002
TLAHUAC,TEZONTITLA-ZOMPANTITLA,11-049,244.0,1456.06
TLAHUAC,TIERRA BLANCA,11-050,844.0,59.099999999999994
TLAHUAC,TIERRA Y LIBERTAD,11-051,492.0,1644.4699999999998
TLAHUAC,UNIDADES HABITACIONALES DE SANTA ANA PONIENTE I,11-055,4072.0,49815.37
TLAHUAC,UNIDADES HABITACIONALES DE SANTA ANA PONIENTE II,11-058,3923.0,8971.8
TLAHUAC,VILLA CENTROAMERICANA (U HAB),11-052,2244.0,57936.73
TLAHUAC,VILLAS DE LOS TRABAJADORES (GDF) (U HAB),11-053,1236.0,56638.8
TLALPAN,2 DE OCTUBRE,12-205,1594.0,77.34
TLALPAN,AMPLIACION MIGUEL HIDALGO 2A SECC,12-002,5282.0,4509.63
TLALPAN,AMPLIACION MIGUEL HIDALGO 3A SECC,12-003,4674.0,1235.42
TLALPAN,AMPLIACION MIGUEL HIDALGO 4A SECC,12-004,3035.0,304.75
TLALPAN,AMSA,12-005,193.0,21967.21
TLALPAN,ARBOLEDAS DEL SUR,12-007,1492.0,65498.119999999995
TLALPAN,ARENAL GUADALUPE TLALPAN,12-008,620.0,24566.92
TLALPAN,ARENAL PUERTA TEPEPAN,12-009,259.0,45992.810000000005
TLALPAN,BELVEDERE,12-013,1020.0,632.51
TLALPAN,BOSQUES DEL PEDREGAL,12-016,1587.0,7.24
TLALPAN,CALVARIO CAMISETAS,12-017,195.0,12775.58
TLALPAN,CANTERA PUENTE DE PIEDRA,12-018,1337.0,29001.75
TLALPAN,CHICHICASPATL,12-019,725.0,0.0
TLALPAN,CLUB DE GOLF MEXICO-SAN BUENAVENTURA,12-023,900.0,46068.1
TLALPAN,COAPA 2A SECCION-RAMOS MILLAN,12-024,1090.0,57325.16
TLALPAN,COAPA-VILLA CUEMANCO,12-093,626.0,25571.38
TLALPAN,COLINAS DEL BOSQUE-LAS TORTOLAS,12-025,1864.0,31385.93
TLALPAN,CONDOMINIO DEL BOSQUE (FRACC)-BOSQUE DE TLALPAN,12-026,243.0,1507.59
TLALPAN,CONJUNTO HABITACIONAL PEDREGAL DEL LAGO,12-218,492.0,52629.100000000006
TLALPAN,CONJUNTO URBANO CUEMANCO (U HAB),12-027,676.0,13640.57
TLALPAN,CRUZ DEL FAROL,12-029,845.0,163.98
TLALPAN,CUCHILLA DE PADIERNA,12-030,975.0,48.5
TLALPAN,CULTURA MAYA,12-032,1116.0,450.24
TLALPAN,DOLORES TLALI,12-034,360.0,0.0
TLALPAN,EJIDOS DE SAN PEDRO MARTIR I (NORTE),12-035,1923.0,663.9
TLALPAN,EJIDOS DE SAN PEDRO MARTIR II (SUR),12-219,2200.0,884.1899999999999
TLALPAN,EL DIVISADERO,12-037,267.0,0.0
TLALPAN,EX HACIENDA SAN JUAN DE DIOS,12-042,1358.0,86314.49
TLALPAN,FLORESTA-PRADO-VERGEL COAPA,12-043,1048.0,43620.91
TLALPAN,FOVISSSTE SAN PEDRO MARTIR ( U HAB),12-045,317.0,0.0
TLALPAN,FUENTES BROTANTES MIGUEL HIDALGO (U HAB),12-047,2444.0,128032.03
TLALPAN,FUENTES DEL PEDREGAL,12-049,1393.0,133109.83000000002
TLALPAN,FUENTES Y PEDREGAL DE TEPEPAN,12-048,1641.0,82.77
TLALPAN,GRANJAS COAPA,12-050,1776.0,141108.75999999998
TLALPAN,GRANJAS COAPA ORIENTE,12-051,368.0,41301.58
TLALPAN,HACIENDA SAN JUAN-RINCON DE SAN JUAN-CHIMALI,12-053,1265.0,46915.8
TLALPAN,HEROES DE PADIERNA I,12-209,2395.0,8099.33
TLALPAN,HEROES DE PADIERNA II,12-210,2444.0,2030.05
TLALPAN,HUESO PERIFERICO-ISSSFAM NO. 7 (U HABS),12-057,1039.0,62810.68000000001
TLALPAN,IGNACIO CHAVEZ (U HAB),12-059,516.0,30524.52
TLALPAN,ISIDRO  FABELA (AMPL),12-061,359.0,6843.110000000001
TLALPAN,ISIDRO FABELA I (PONIENTE),12-060,1525.0,45381.82
TLALPAN,ISIDRO FABELA II (ORIENTE),12-220,1984.0,91781.08
TLALPAN,ISSSFAM No. 1 (U HAB)-VILLA TLALPAN,12-062,818.0,15516.600000000002
TLALPAN,JARDINES COAPA-BELISARIO DOMINGUEZ,12-064,576.0,12126.93
TLALPAN,JARDINES DEL AJUSCO,12-066,1218.0,1011.67
TLALPAN,JARDINES EN LA MONTAA,12-067,1387.0,228307.47000000003
TLALPAN,LA  LONJA,12-069,995.0,28630.199999999997
TLALPAN,LA FAMA,12-070,469.0,64540.98
TLALPAN,LA JOYA,12-072,851.0,55252.740000000005
TLALPAN,LA MAGDALENA PETLACALCO (PBLO),12-074,1922.0,118.67999999999998
TLALPAN,LOMAS DE  PADIERNA I,12-211,2956.0,2178.66
TLALPAN,LOMAS DE  PADIERNA II,12-212,2554.0,41507.16
TLALPAN,LOMAS DE CUILOTEPEC,12-080,510.0,0.0
TLALPAN,LOMAS DE PADIERNA (AMPL),12-211,2956.0,48312.84
TLALPAN,LOMAS HIDALGO,12-086,653.0,212.4
TLALPAN,LOS  ENCINOS,12-087,610.0,374.94
TLALPAN,LOS VOLCANES,12-089,1343.0,2315.0699999999997
TLALPAN,MA ESTHER ZUNO DE ECHEVERRIA-TLALPUENTE,12-092,774.0,229.79
TLALPAN,"MESA LOS HORNOS, TEXCALTENCO",12-094,2849.0,3558.85
TLALPAN,MIGUEL HIDALGO,12-095,4245.0,40525.49
TLALPAN,MIRADOR 1A SECC,12-096,539.0,40.55
TLALPAN,MIRADOR DEL VALLE,12-099,215.0,4.23
TLALPAN,MIRADOR I,12-100,556.0,0.0
TLALPAN,MOVIMIENTO ORGANIZADO DE TLALPAN-EL MIRADOR (RNCDA),12-102,200.0,0.0
TLALPAN,NARCISO MENDOZA VILLA COAPA SUPERMANZANA 8 (U HAB),12-217,586.0,37898.97
TLALPAN,NARCISO MENDOZA-VILLA COAPA SUPER MANZANA 1 (U HAB),12-103,1261.0,84730.65
TLALPAN,NARCISO MENDOZA-VILLA COAPA SUPER MANZANA 2 (U HAB),12-104,1249.0,81882.23000000001
TLALPAN,NARCISO MENDOZA-VILLA COAPA SUPER MANZANA 3 (U HAB),12-105,1347.0,83611.51
TLALPAN,NARCISO MENDOZA-VILLA COAPA SUPER MANZANA 6 (U HAB),12-106,1049.0,100072.87
TLALPAN,NARCISO MENDOZA-VILLA COAPA SUPER MANZANA 7 (U HAB),12-107,1095.0,83282.3
TLALPAN,NUEVA ORIENTAL COAPA-EX HACIENDA COAPA,12-109,1239.0,82549.73999999999
TLALPAN,NUEVO RENACIMIENTO DE AXALCO,12-110,218.0,187.76
TLALPAN,PARAJE 38,12-113,875.0,27.74
TLALPAN,PARQUES DEL PEDREGAL,12-114,659.0,82294.92
TLALPAN,PARRES EL GUARDA (PBLO),12-115,804.0,12.73
TLALPAN,PEDREGAL DE LAS AGUILAS,12-116,589.0,12451.45
TLALPAN,PEDREGAL DE SN NICOLAS 1A SECC,12-117,3127.0,726.4200000000001
TLALPAN,PEDREGAL DE SN NICOLAS 2A SECC,12-118,2295.0,796.16
TLALPAN,PEDREGAL DE SN NICOLAS 3A SECC,12-119,2978.0,502.97
TLALPAN,PEDREGAL DE SN NICOLAS 4A SECC I,12-213,2972.0,48.88
TLALPAN,PEDREGAL DE SN NICOLAS 4A SECC II,12-214,2975.0,1250.9
TLALPAN,PEDREGAL DE STA URSULA XITLA,12-121,1447.0,428.5
TLALPAN,PLAN DE AYALA,12-125,385.0,89.42999999999999
TLALPAN,POPULAR STA TERESA,12-127,2209.0,968.41
TLALPAN,PRADO COAPA 2A SECCION,12-130,650.0,27248.82
TLALPAN,PRADO COAPA 3A SECCION-POTRERO ACOXPA,12-131,795.0,36800.51
TLALPAN,PUEBLO QUIETO,12-133,182.0,8032.860000000001
TLALPAN,RANCHO LOS COLORINES (FRACC),12-136,225.0,31416.01
TLALPAN,REAL DEL SUR-VILLAS DEL SUR-RESIDENCIAL ACOXPA,12-137,494.0,42716.59
TLALPAN,RINCON LAS HADAS-VILLA ROYALE-FUENTES Y ARCONADA COAPA,12-142,580.0,2968.13
TLALPAN,RINCONADA (U HAB),12-143,330.0,22360.77
TLALPAN,ROMULO SANCHEZ-SAN FERNANDO (BARR)-PEA POBRE,12-146,297.0,43506.65
TLALPAN,SAN ANDRES TOTOLTEPEC (PBLO),12-147,7923.0,2872.89
TLALPAN,SAN BARTOLO EL CHICO,12-148,445.0,34510.130000000005
TLALPAN,SAN LORENZO HUIPULCO,12-153,2278.0,213680.71
TLALPAN,SAN MIGUEL  XICALCO (PBLO),12-154,3425.0,398.86
TLALPAN,SAN MIGUEL AJUSCO (PBLO),12-155,3866.0,372.99
TLALPAN,SAN MIGUEL TOPILEJO (PBLO),12-157,5430.0,2396.2
TLALPAN,SAN PEDRO APOSTOL (BARR),12-159,145.0,5126.860000000001
TLALPAN,SAN PEDRO MARTIR (PBLO),12-160,3960.0,6964.76
TLALPAN,SANTA URSULA XITLA,12-161,3245.0,47985.22
TLALPAN,SANTISIMA TRINIDAD,12-162,385.0,0.0
TLALPAN,SANTO TOMAS AJUSCO (PBLO),12-163,4166.0,1236.92
TLALPAN,SAUZALES CEBADALES (U HAB),12-164,768.0,85109.67
TLALPAN,SECCION XVI,12-165,386.0,102862.0
TLALPAN,SN JUAN TEPEXIMILPA,12-151,705.0,5.84
TLALPAN,TENORIOS INFONAVIT 1 Y 2 (U HAB),12-168,588.0,27174.91
TLALPAN,TEPETONGO,12-171,517.0,135.59
TLALPAN,TETENCO (PJE),12-172,176.0,5561.87
TLALPAN,TLALCOLIGIA,12-175,2148.0,35300.73
TLALPAN,TLALMILLE,12-176,944.0,108.2
TLALPAN,TLALPAN CENTRO,12-177,2693.0,432403.17
TLALPAN,TORIELLO GUERRA,12-180,2450.0,266648.06
TLALPAN,TORRES DE PADIERNA,12-181,635.0,263.39
TLALPAN,TRES FUENTES (U HAB),12-182,445.0,32129.29
TLALPAN,UNIDADES HABITACIONALES DE TENORIOS,12-044,477.0,33864.38
TLALPAN,VALLE DE TEPEPAN,12-183,803.0,977.69
TLALPAN,VALLE ESCONDIDO,12-184,635.0,79268.83
TLALPAN,VALLE VERDE,12-185,220.0,0.0
TLALPAN,VERGEL DE COYOACAN-VERGEL DEL SUR,12-188,713.0,77958.16
TLALPAN,VILLA COAPA (RDCIAL),12-191,701.0,46704.48
TLALPAN,VILLA DEL PUENTE FOVISSSTE  (U HAB),12-193,217.0,10024.92
TLALPAN,VILLA LAZARO CARDENAS,12-194,1255.0,82473.82
TLALPAN,VILLA OLIMPICA LIBERADOR MIGUEL HIDALGO (U HAB),12-195,800.0,58539.89
TLALPAN,VISTAS DEL PEDREGAL,12-198,675.0,0.0
TLALPAN,VIVEROS DE COACTETLAN,12-199,1042.0,0.0
TLALPAN,XAXALIPAC,12-201,428.0,0.0
TLALPAN,ZAPOTE-LUIS DONALDO COLOSIO (U HABS),12-204,512.0,6560.47
VENUSTIANO CARRANZA,10 DE MAYO,17-065,547.0,46761.97
VENUSTIANO CARRANZA,20 DE NOVIEMBRE,17-066,3591.0,99825.6
VENUSTIANO CARRANZA,20 DE NOVIEMBRE (AMPL),17-067,241.0,30859.98
VENUSTIANO CARRANZA,24 DE ABRIL,17-068,66.0,7710.540000000001
VENUSTIANO CARRANZA,5TO TRAMO DE 20 DE NOVIEMBRE,17-069,2277.0,90172.82
VENUSTIANO CARRANZA,7 DE JULIO,17-070,295.0,28784.51
VENUSTIANO CARRANZA,7 DE JULIO (AMPL),17-071,612.0,42364.369999999995
VENUSTIANO CARRANZA,AARON SAENZ,17-001,129.0,6666.74
VENUSTIANO CARRANZA,ADOLFO LOPEZ MATEOS,17-002,1852.0,88415.04000000001
VENUSTIANO CARRANZA,AERONAUTICA MILITAR,17-003,931.0,76635.5
VENUSTIANO CARRANZA,ALVARO OBREGON,17-004,854.0,40542.22
VENUSTIANO CARRANZA,AQUILES SERDAN,17-005,2551.0,97425.19
VENUSTIANO CARRANZA,ARTES GRAFICAS,17-006,3185.0,138746.39
VENUSTIANO CARRANZA,AVIACION CIVIL,17-007,1871.0,105063.48
VENUSTIANO CARRANZA,AVIACION CIVIL (AMPL),17-008,668.0,15013.14
VENUSTIANO CARRANZA,AZTECA,17-009,502.0,12201.74
VENUSTIANO CARRANZA,CANDELARIA DELOS PATOS (U HAB),17-011,599.0,9795.52
VENUSTIANO CARRANZA,CARACOL,17-012,1519.0,70102.81
VENUSTIANO CARRANZA,CENTRO I,17-072,2169.0,145214.93
VENUSTIANO CARRANZA,CENTRO II,17-073,1070.0,135601.77000000002
VENUSTIANO CARRANZA,CUATRO ARBOLES,17-015,719.0,37723.59
VENUSTIANO CARRANZA,CUCHILLA PANTITLAN,17-016,2470.0,108323.53
VENUSTIANO CARRANZA,DAMIAN CARMONA,17-017,851.0,6006.53
VENUSTIANO CARRANZA,EL ARENAL 1A SECCION,17-018,1565.0,60885.79
VENUSTIANO CARRANZA,EL ARENAL 2A SECCION,17-019,150.0,4934.63
VENUSTIANO CARRANZA,EL ARENAL 3A SECCION,17-020,553.0,6256.99
VENUSTIANO CARRANZA,EL ARENAL 4A SECCION,17-021,2867.0,68983.43
VENUSTIANO CARRANZA,EL PARQUE,17-023,880.0,95970.44
VENUSTIANO CARRANZA,EMILIO CARRANZA,17-025,1368.0,108705.88
VENUSTIANO CARRANZA,FEDERAL,17-026,3538.0,194304.96
VENUSTIANO CARRANZA,FELIPE ANGELES,17-027,835.0,47585.54
VENUSTIANO CARRANZA,FIVIPORT (U HAB),17-028,1670.0,42803.32
VENUSTIANO CARRANZA,IGNACIO ZARAGOZA I,17-074,3492.0,132945.49
VENUSTIANO CARRANZA,IGNACIO ZARAGOZA II,17-075,2078.0,90574.88
VENUSTIANO CARRANZA,JAMAICA,17-031,1551.0,126832.22
VENUSTIANO CARRANZA,JANITZIO,17-032,722.0,39955.81
VENUSTIANO CARRANZA,JARDIN BALBUENA I,17-076,4129.0,165421.06
VENUSTIANO CARRANZA,JARDIN BALBUENA II,17-077,1567.0,93599.07
VENUSTIANO CARRANZA,JARDIN BALBUENA III,17-078,4561.0,180803.28
VENUSTIANO CARRANZA,KENNEDY (U HAB),17-034,2796.0,2846.18
VENUSTIANO CARRANZA,LORENZO BOTURINI,17-035,2840.0,160614.901
VENUSTIANO CARRANZA,MAGDALENA  MIXHUCA,17-036,1409.0,128468.7
VENUSTIANO CARRANZA,MAGDALENA  MIXHUCA (PBLO),17-037,1761.0,105824.28
VENUSTIANO CARRANZA,MERCED BALBUENA,17-038,1286.0,117426.07
VENUSTIANO CARRANZA,MICHOACANA,17-039,301.0,20320.08
VENUSTIANO CARRANZA,MICHOACANA (AMPL),17-040,704.0,35282.78
VENUSTIANO CARRANZA,MIGUEL HIDALGO,17-041,95.0,4839.07
VENUSTIANO CARRANZA,MOCTEZUMA 1A SECCION,17-042,3545.0,200197.81
VENUSTIANO CARRANZA,MOCTEZUMA 2A SECCION I,17-079,4008.0,309791.65
VENUSTIANO CARRANZA,MOCTEZUMA 2A SECCION II,17-080,3234.0,197266.8
VENUSTIANO CARRANZA,MOCTEZUMA 2A SECCION III,17-081,3969.0,208542.59000000003
VENUSTIANO CARRANZA,MOCTEZUMA 2A SECCION IV,17-082,3180.0,167739.24
VENUSTIANO CARRANZA,MORELOS I,17-083,5195.0,358026.57
VENUSTIANO CARRANZA,MORELOS II,17-084,5633.0,356947.7
VENUSTIANO CARRANZA,NICOLAS BRAVO,17-045,1445.0,55288.89
VENUSTIANO CARRANZA,PENITENCIARIA (AMPL),17-046,2126.0,142930.9
VENUSTIANO CARRANZA,PENSADOR MEXICANO I,17-085,1447.0,97822.5
VENUSTIANO CARRANZA,PENSADOR MEXICANO II,17-086,2016.0,94374.68
VENUSTIANO CARRANZA,POPULAR RASTRO,17-050,2035.0,102092.03
VENUSTIANO CARRANZA,PRIMERO DE MAYO,17-051,716.0,11494.28
VENUSTIANO CARRANZA,PROGRESISTA,17-052,178.0,3265.55
VENUSTIANO CARRANZA,PUEBLA,17-053,1997.0,95122.2
VENUSTIANO CARRANZA,REVOLUCION,17-054,1877.0,75687.41
VENUSTIANO CARRANZA,ROMERO RUBIO,17-055,3478.0,212730.43
VENUSTIANO CARRANZA,SANTA CRUZ AVIACION,17-056,712.0,51796.07000000001
VENUSTIANO CARRANZA,SEVILLA,17-057,550.0,33654.28
VENUSTIANO CARRANZA,SIMON  BOLIVAR,17-058,1838.0,78507.38
VENUSTIANO CARRANZA,TRES MOSQUETEROS,17-059,67.0,1148.09
VENUSTIANO CARRANZA,VALENTIN GOMEZ FARIAS,17-060,1612.0,98343.38
VENUSTIANO CARRANZA,VALLE GOMEZ,17-061,3039.0,148200.0
VENUSTIANO CARRANZA,VENUSTIANO CARRANZA,17-062,900.0,35814.43
VENUSTIANO CARRANZA,VENUSTIANO CARRANZA (AMPL),17-063,550.0,10903.65
XOCHIMILCO,BARRIO 18,13-003,1849.0,1854.87
XOCHIMILCO,BELEM (BARR),13-004,386.0,15722.57
XOCHIMILCO,BOSQUE RESIDENCIAL DEL SUR (FRACC),13-005,1179.0,24584.2
XOCHIMILCO,CALTONGO (BARR),13-007,2258.0,724.36
XOCHIMILCO,CANAL ONCE (U HAB),13-078,269.0,14840.74
XOCHIMILCO,CERRO GRANDE,13-008,649.0,4310.5
XOCHIMILCO,CRISTO REY,13-009,574.0,1375.04
XOCHIMILCO,EL CARMEN,13-011,1971.0,175.35000000000002
XOCHIMILCO,EL ROSARIO (BARR),13-012,192.0,33499.04
XOCHIMILCO,GUADALUPE,13-013,855.0,1514.37
XOCHIMILCO,HUICHAPAN,13-014,317.0,26266.71
XOCHIMILCO,INFONAVIT PROLONGACION DIVISION DEL NORTE (U HAB),13-080,443.0,21399.81
XOCHIMILCO,JARDINES DEL SUR,13-015,1635.0,58934.75
XOCHIMILCO,LA ASUNCION (BARR),13-017,1429.0,22572.47
XOCHIMILCO,LA CEBADA,13-019,444.0,14255.92
XOCHIMILCO,LA CONCEPCION TLACOAPA (BARR),13-020,795.0,13431.91
XOCHIMILCO,LA CONCHA,13-021,1092.0,60792.5
XOCHIMILCO,LA GUADALUPITA (BARR),13-022,153.0,10629.59
XOCHIMILCO,LA NORIA,13-081,418.0,47193.89
XOCHIMILCO,LA NORIA TEPEPAN,13-023,1112.0,54492.97
XOCHIMILCO,LORETO PEA POBRE (U HAB),13-079,348.0,18378.26
XOCHIMILCO,LOS CERRILLOS II,13-026,1664.0,2296.05
XOCHIMILCO,LOS CERRILLOS III,13-027,1561.0,1326.92
XOCHIMILCO,NATIVITAS,13-028,574.0,112.38
XOCHIMILCO,NATIVITAS (U HAB),13-029,739.0,48781.77
XOCHIMILCO,NATIVITAS LA JOYA (AMPL),13-030,4354.0,517.85
XOCHIMILCO,PASEOS DEL SUR,13-032,528.0,33245.23
XOCHIMILCO,POTRERO DE SAN BERNARDINO,13-033,735.0,61779.259999999995
XOCHIMILCO,RINCONADA DEL SUR (U HAB),13-034,577.0,37259.51
XOCHIMILCO,SAN ANDRES AHUAYUCAN (PBLO),13-035,2981.0,11908.8
XOCHIMILCO,SAN ANTONIO (BARR),13-036,445.0,16123.69
XOCHIMILCO,SAN BARTOLO EL CHICO,13-037,120.0,6685.55
XOCHIMILCO,SAN CRISTOBAL (BARR),13-038,622.0,5089.889999999999
XOCHIMILCO,SAN DIEGO (BARR),13-039,386.0,7880.97
XOCHIMILCO,SAN ESTEBAN (BARR),13-040,568.0,19235.27
XOCHIMILCO,SAN FRANCISCO TLALNEPANTLA (PBLO),13-042,1775.0,1554.23
XOCHIMILCO,SAN GREGORIO ATLAPULCO (PBLO),13-043,7426.0,60831.28
XOCHIMILCO,SAN JOSE ZACATEPEC,13-046,789.0,1909.77
XOCHIMILCO,SAN JUAN (BARR),13-047,447.0,5554.02
XOCHIMILCO,SAN JUAN TEPEPAN,13-048,1043.0,27333.86
XOCHIMILCO,SAN LORENZO,13-006,275.0,25540.48
XOCHIMILCO,SAN LORENZO (BARR),13-049,1140.0,7072.66
XOCHIMILCO,SAN LORENZO ATEMOAYA (PBLO),13-050,2620.0,32204.57
XOCHIMILCO,SAN LORENZO LA CEBADA I,13-075,2931.0,31629.15
XOCHIMILCO,SAN LORENZO LA CEBADA II,13-076,2058.0,51179.83
XOCHIMILCO,SAN LUCAS XOCHIMANCA (PBLO),13-052,3326.0,33399.68
XOCHIMILCO,SAN LUIS TLAXIALTEMALCO (PBLO),13-053,3794.0,17417.39
XOCHIMILCO,SAN MARCOS (AMPL),13-054,4508.0,77077.87
XOCHIMILCO,SAN MARCOS (BARR),13-055,996.0,32134.76
XOCHIMILCO,SAN PEDRO (BARR),13-057,814.0,55204.93
XOCHIMILCO,SANTA CECILIA TEPETLAPA (PBLO),13-058,2881.0,17542.440000000002
XOCHIMILCO,SANTA CRUCITA (BARR),13-059,84.0,14590.47
XOCHIMILCO,SANTA CRUZ ACALPIXCA (PBLO),13-060,6124.0,22809.18
XOCHIMILCO,SANTA CRUZ CHAVARRIETA,13-061,480.0,4292.52
XOCHIMILCO,SANTA CRUZ XOCHITEPEC (PBLO),13-062,3870.0,65486.34
XOCHIMILCO,SANTA INES,13-063,375.0,1961.87
XOCHIMILCO,SANTA MARIA NATIVITAS (PBLO),13-064,4515.0,26080.800000000003
XOCHIMILCO,SANTA MARIA TEPEPAN (PBLO),13-065,4561.0,170849.03999999998
XOCHIMILCO,SANTIAGO TEPALCATLALPAN (PBLO),13-066,4072.0,55998.53
XOCHIMILCO,SANTIAGO TULYEHUALCO (PBLO),13-067,5978.0,98127.39
XOCHIMILCO,TEPEPAN (AMPL),13-069,1796.0,43317.83
XOCHIMILCO,TESMIC (RDCIAL),13-070,287.0,8683.89
XOCHIMILCO,TIERRA NUEVA,13-071,526.0,21871.87
XOCHIMILCO,VILLA XOCHIMILCO (U HAB),13-083,284.0,13915.11
XOCHIMILCO,XALTOCAN (BARR),13-073,3000.0,118341.44
